location_id,artifact_id,storage_class,locator,is_primary,access_verified,last_verified,notes
LOC-000001,ART-000001,HF_PRIVATE_BUCKET,hf://buckets/Mystery-pryer/qadi-gcc-dialect-id-bucket/SOURCE_INFO.txt,true,true,2026-09-23,
LOC-000002,ART-000002,HF_PRIVATE_BUCKET,hf://buckets/Mystery-pryer/qadi-gcc-dialect-id-bucket/source/README.md,true,true,2026-09-23,
LOC-000003,ART-000003,HF_PRIVATE_BUCKET,hf://buckets/Mystery-pryer/qadi-gcc-dialect-id-bucket/source/dataset/QADI_train_ids_AE.txt,true,true,2026-09-23,
LOC-000004,ART-000004,HF_PRIVATE_BUCKET,hf://buckets/Mystery-pryer/qadi-gcc-dialect-id-bucket/source/dataset/QADI_train_ids_BH.txt,true,true,2026-09-23,
LOC-000005,ART-000005,HF_PRIVATE_BUCKET,hf://buckets/Mystery-pryer/qadi-gcc-dialect-id-bucket/source/dataset/QADI_train_ids_DZ.txt,true,true,2026-09-23,
LOC-000006,ART-000006,HF_PRIVATE_BUCKET,hf://buckets/Mystery-pryer/qadi-gcc-dialect-id-bucket/source/dataset/QADI_train_ids_EG.txt,true,true,2026-09-23,
LOC-000007,ART-000007,HF_PRIVATE_BUCKET,hf://buckets/Mystery-pryer/qadi-gcc-dialect-id-bucket/source/dataset/QADI_train_ids_IQ.txt,true,true,2026-09-23,
LOC-000008,ART-000008,HF_PRIVATE_BUCKET,hf://buckets/Mystery-pryer/qadi-gcc-dialect-id-bucket/source/dataset/QADI_train_ids_JO.txt,true,true,2026-09-23,
LOC-000009,ART-000009,HF_PRIVATE_BUCKET,hf://buckets/Mystery-pryer/qadi-gcc-dialect-id-bucket/source/dataset/QADI_train_ids_KW.txt,true,true,2026-09-23,
LOC-000010,ART-000010,HF_PRIVATE_BUCKET,hf://buckets/Mystery-pryer/qadi-gcc-dialect-id-bucket/source/dataset/QADI_train_ids_LB.txt,true,true,2026-09-23,
LOC-000011,ART-000011,HF_PRIVATE_BUCKET,hf://buckets/Mystery-pryer/qadi-gcc-dialect-id-bucket/source/dataset/QADI_train_ids_LY.txt,true,true,2026-09-23,
LOC-000012,ART-000012,HF_PRIVATE_BUCKET,hf://buckets/Mystery-pryer/qadi-gcc-dialect-id-bucket/source/dataset/QADI_train_ids_MA.txt,true,true,2026-09-23,
LOC-000013,ART-000013,HF_PRIVATE_BUCKET,hf://buckets/Mystery-pryer/qadi-gcc-dialect-id-bucket/source/dataset/QADI_train_ids_OM.txt,true,true,2026-09-23,
LOC-000014,ART-000014,HF_PRIVATE_BUCKET,hf://buckets/Mystery-pryer/qadi-gcc-dialect-id-bucket/source/dataset/QADI_train_ids_PL.txt,true,true,2026-09-23,
LOC-000015,ART-000015,HF_PRIVATE_BUCKET,hf://buckets/Mystery-pryer/qadi-gcc-dialect-id-bucket/source/dataset/QADI_train_ids_QA.txt,true,true,2026-09-23,
LOC-000016,ART-000016,HF_PRIVATE_BUCKET,hf://buckets/Mystery-pryer/qadi-gcc-dialect-id-bucket/source/dataset/QADI_train_ids_SA.txt,true,true,2026-09-23,
LOC-000017,ART-000017,HF_PRIVATE_BUCKET,hf://buckets/Mystery-pryer/qadi-gcc-dialect-id-bucket/source/dataset/QADI_train_ids_SD.txt,true,true,2026-09-23,
LOC-000018,ART-000018,HF_PRIVATE_BUCKET,hf://buckets/Mystery-pryer/qadi-gcc-dialect-id-bucket/source/dataset/QADI_train_ids_SY.txt,true,true,2026-09-23,
LOC-000019,ART-000019,HF_PRIVATE_BUCKET,hf://buckets/Mystery-pryer/qadi-gcc-dialect-id-bucket/source/dataset/QADI_train_ids_TN.txt,true,true,2026-09-23,
LOC-000020,ART-000020,HF_PRIVATE_BUCKET,hf://buckets/Mystery-pryer/qadi-gcc-dialect-id-bucket/source/dataset/QADI_train_ids_YE.txt,true,true,2026-09-23,
LOC-000021,ART-000021,HF_PRIVATE_BUCKET,hf://buckets/Mystery-pryer/qadi-gcc-dialect-id-bucket/source/testset/QADI_test.txt,true,true,2026-09-23,
LOC-000022,ART-000022,HF_PRIVATE_BUCKET,hf://buckets/Mystery-pryer/saudi-dialect-corpus-sdc-bucket/SOURCE_INFO.txt,true,true,2026-09-23,
LOC-000023,ART-000023,HF_PRIVATE_BUCKET,hf://buckets/Mystery-pryer/saudi-dialect-corpus-sdc-bucket/source/README.md,true,true,2026-09-23,
LOC-000024,ART-000024,HF_PRIVATE_BUCKET,hf://buckets/Mystery-pryer/saudi-dialect-corpus-sdc-bucket/source/SDC.txt,true,true,2026-09-23,
LOC-000025,ART-000025,HF_PRIVATE_BUCKET,hf://buckets/Mystery-pryer/uae-restricted-corpus-access-materials-bucket/EAC/EAC001.pdf,true,true,2026-09-23,
LOC-000026,ART-000026,HF_PRIVATE_BUCKET,hf://buckets/Mystery-pryer/uae-restricted-corpus-access-materials-bucket/EAC/EAC026.pdf,true,true,2026-09-23,
LOC-000027,ART-000027,HF_PRIVATE_BUCKET,hf://buckets/Mystery-pryer/uae-restricted-corpus-access-materials-bucket/EAC/License_Agreement.pdf,true,true,2026-09-23,
LOC-000028,ART-000028,HF_PRIVATE_BUCKET,hf://buckets/Mystery-pryer/uae-restricted-corpus-access-materials-bucket/EMALAC/EMALAC_License_Agreement.pdf,true,true,2026-09-23,
LOC-000029,ART-000029,HF_PRIVATE_BUCKET,hf://buckets/Mystery-pryer/uae-restricted-corpus-access-materials-bucket/EMALAC/EMALAC_emalac006.cha.pdf,true,true,2026-09-23,
LOC-000030,ART-000030,HF_PRIVATE_BUCKET,hf://buckets/Mystery-pryer/uae-restricted-corpus-access-materials-bucket/SOURCE_INFO.txt,true,true,2026-09-23,
LOC-000031,ART-000031,HF_PRIVATE_BUCKET,hf://buckets/Mystery-pryer/asjp-gulf-spoken-wordlist-bucket/SOURCE_INFO.txt,true,true,2026-09-23,
LOC-000032,ART-000032,HF_PRIVATE_BUCKET,hf://buckets/Mystery-pryer/asjp-gulf-spoken-wordlist-bucket/source/ARABIC_GULF_SPOKEN.json,true,true,2026-09-23,
LOC-000033,ART-000033,HF_PRIVATE_BUCKET,hf://buckets/Mystery-pryer/asjp-kuwaiti-wordlist-bucket/SOURCE_INFO.txt,true,true,2026-09-23,
LOC-000034,ART-000034,HF_PRIVATE_BUCKET,hf://buckets/Mystery-pryer/asjp-kuwaiti-wordlist-bucket/source/KUWAITI_ARABIC.json,true,true,2026-09-23,
LOC-000035,ART-000035,HF_PRIVATE_BUCKET,hf://buckets/Mystery-pryer/omani-arabic-nmt-bucket/SOURCE_INFO.txt,true,true,2026-09-23,
LOC-000036,ART-000036,HF_PRIVATE_BUCKET,hf://buckets/Mystery-pryer/omani-arabic-nmt-bucket/source/README.md,true,true,2026-09-23,
LOC-000037,ART-000037,HF_PRIVATE_BUCKET,hf://buckets/Mystery-pryer/omani-arabic-nmt-bucket/source/eng_msa_omani_parallel_8k.tsv,true,true,2026-09-23,
LOC-000038,ART-000038,HF_PRIVATE_BUCKET,hf://buckets/Mystery-pryer/emirati-dialect-shows-bucket/SOURCE_INFO.txt,true,true,2026-09-23,
LOC-000039,ART-000039,HF_PRIVATE_BUCKET,hf://buckets/Mystery-pryer/emirati-dialect-shows-bucket/source/README.md,true,true,2026-09-23,
LOC-000040,ART-000040,HF_PRIVATE_BUCKET,hf://buckets/Mystery-pryer/emirati-dialect-shows-bucket/source/audiofiles.zip,true,true,2026-09-23,
LOC-000041,ART-000041,HF_PRIVATE_BUCKET,hf://buckets/Mystery-pryer/emirati-dialect-shows-bucket/source/transcriptions.tsv,true,true,2026-09-23,
LOC-000042,ART-000042,HF_PRIVATE_BUCKET,hf://buckets/Mystery-pryer/nadi-2026-adi20-micro-bucket/SOURCE_INFO.txt,true,true,2026-09-23,
LOC-000043,ART-000043,HF_PRIVATE_BUCKET,hf://buckets/Mystery-pryer/nadi-2026-adi20-micro-bucket/source/README.md,true,true,2026-09-23,
LOC-000044,ART-000044,HF_PRIVATE_BUCKET,hf://buckets/Mystery-pryer/nadi-2026-adi20-micro-bucket/source/data/train-00000-of-00038.parquet,true,true,2026-09-23,
LOC-000045,ART-000045,HF_PRIVATE_BUCKET,hf://buckets/Mystery-pryer/nadi-2026-adi20-micro-bucket/source/data/train-00001-of-00038.parquet,true,true,2026-09-23,
LOC-000046,ART-000046,HF_PRIVATE_BUCKET,hf://buckets/Mystery-pryer/nadi-2026-adi20-micro-bucket/source/data/train-00002-of-00038.parquet,true,true,2026-09-23,
LOC-000047,ART-000047,HF_PRIVATE_BUCKET,hf://buckets/Mystery-pryer/nadi-2026-adi20-micro-bucket/source/data/train-00003-of-00038.parquet,true,true,2026-09-23,
LOC-000048,ART-000048,HF_PRIVATE_BUCKET,hf://buckets/Mystery-pryer/nadi-2026-adi20-micro-bucket/source/data/train-00004-of-00038.parquet,true,true,2026-09-23,
LOC-000049,ART-000049,HF_PRIVATE_BUCKET,hf://buckets/Mystery-pryer/nadi-2026-adi20-micro-bucket/source/data/train-00005-of-00038.parquet,true,true,2026-09-23,
LOC-000050,ART-000050,HF_PRIVATE_BUCKET,hf://buckets/Mystery-pryer/nadi-2026-adi20-micro-bucket/source/data/train-00006-of-00038.parquet,true,true,2026-09-23,
LOC-000051,ART-000051,HF_PRIVATE_BUCKET,hf://buckets/Mystery-pryer/nadi-2026-adi20-micro-bucket/source/data/train-00007-of-00038.parquet,true,true,2026-09-23,
LOC-000052,ART-000052,HF_PRIVATE_BUCKET,hf://buckets/Mystery-pryer/nadi-2026-adi20-micro-bucket/source/data/train-00008-of-00038.parquet,true,true,2026-09-23,
LOC-000053,ART-000053,HF_PRIVATE_BUCKET,hf://buckets/Mystery-pryer/nadi-2026-adi20-micro-bucket/source/data/train-00009-of-00038.parquet,true,true,2026-09-23,
LOC-000054,ART-000054,HF_PRIVATE_BUCKET,hf://buckets/Mystery-pryer/nadi-2026-adi20-micro-bucket/source/data/train-00010-of-00038.parquet,true,true,2026-09-23,
LOC-000055,ART-000055,HF_PRIVATE_BUCKET,hf://buckets/Mystery-pryer/nadi-2026-adi20-micro-bucket/source/data/train-00011-of-00038.parquet,true,true,2026-09-23,
LOC-000056,ART-000056,HF_PRIVATE_BUCKET,hf://buckets/Mystery-pryer/nadi-2026-adi20-micro-bucket/source/data/train-00012-of-00038.parquet,true,true,2026-09-23,
LOC-000057,ART-000057,HF_PRIVATE_BUCKET,hf://buckets/Mystery-pryer/nadi-2026-adi20-micro-bucket/source/data/train-00013-of-00038.parquet,true,true,2026-09-23,
LOC-000058,ART-000058,HF_PRIVATE_BUCKET,hf://buckets/Mystery-pryer/nadi-2026-adi20-micro-bucket/source/data/train-00014-of-00038.parquet,true,true,2026-09-23,
LOC-000059,ART-000059,HF_PRIVATE_BUCKET,hf://buckets/Mystery-pryer/nadi-2026-adi20-micro-bucket/source/data/train-00015-of-00038.parquet,true,true,2026-09-23,
LOC-000060,ART-000060,HF_PRIVATE_BUCKET,hf://buckets/Mystery-pryer/nadi-2026-adi20-micro-bucket/source/data/train-00016-of-00038.parquet,true,true,2026-09-23,
LOC-000061,ART-000061,HF_PRIVATE_BUCKET,hf://buckets/Mystery-pryer/nadi-2026-adi20-micro-bucket/source/data/train-00017-of-00038.parquet,true,true,2026-09-23,
LOC-000062,ART-000062,HF_PRIVATE_BUCKET,hf://buckets/Mystery-pryer/nadi-2026-adi20-micro-bucket/source/data/train-00018-of-00038.parquet,true,true,2026-09-23,
LOC-000063,ART-000063,HF_PRIVATE_BUCKET,hf://buckets/Mystery-pryer/nadi-2026-adi20-micro-bucket/source/data/train-00019-of-00038.parquet,true,true,2026-09-23,
LOC-000064,ART-000064,HF_PRIVATE_BUCKET,hf://buckets/Mystery-pryer/nadi-2026-adi20-micro-bucket/source/data/train-00020-of-00038.parquet,true,true,2026-09-23,
LOC-000065,ART-000065,HF_PRIVATE_BUCKET,hf://buckets/Mystery-pryer/nadi-2026-adi20-micro-bucket/source/data/train-00021-of-00038.parquet,true,true,2026-09-23,
LOC-000066,ART-000066,HF_PRIVATE_BUCKET,hf://buckets/Mystery-pryer/nadi-2026-adi20-micro-bucket/source/data/train-00022-of-00038.parquet,true,true,2026-09-23,
LOC-000067,ART-000067,HF_PRIVATE_BUCKET,hf://buckets/Mystery-pryer/nadi-2026-adi20-micro-bucket/source/data/train-00023-of-00038.parquet,true,true,2026-09-23,
LOC-000068,ART-000068,HF_PRIVATE_BUCKET,hf://buckets/Mystery-pryer/nadi-2026-adi20-micro-bucket/source/data/train-00024-of-00038.parquet,true,true,2026-09-23,
LOC-000069,ART-000069,HF_PRIVATE_BUCKET,hf://buckets/Mystery-pryer/nadi-2026-adi20-micro-bucket/source/data/train-00025-of-00038.parquet,true,true,2026-09-23,
LOC-000070,ART-000070,HF_PRIVATE_BUCKET,hf://buckets/Mystery-pryer/nadi-2026-adi20-micro-bucket/source/data/train-00026-of-00038.parquet,true,true,2026-09-23,
LOC-000071,ART-000071,HF_PRIVATE_BUCKET,hf://buckets/Mystery-pryer/nadi-2026-adi20-micro-bucket/source/data/train-00027-of-00038.parquet,true,true,2026-09-23,
LOC-000072,ART-000072,HF_PRIVATE_BUCKET,hf://buckets/Mystery-pryer/nadi-2026-adi20-micro-bucket/source/data/train-00028-of-00038.parquet,true,true,2026-09-23,
LOC-000073,ART-000073,HF_PRIVATE_BUCKET,hf://buckets/Mystery-pryer/nadi-2026-adi20-micro-bucket/source/data/train-00029-of-00038.parquet,true,true,2026-09-23,
LOC-000074,ART-000074,HF_PRIVATE_BUCKET,hf://buckets/Mystery-pryer/nadi-2026-adi20-micro-bucket/source/data/train-00030-of-00038.parquet,true,true,2026-09-23,
LOC-000075,ART-000075,HF_PRIVATE_BUCKET,hf://buckets/Mystery-pryer/nadi-2026-adi20-micro-bucket/source/data/train-00031-of-00038.parquet,true,true,2026-09-23,
LOC-000076,ART-000076,HF_PRIVATE_BUCKET,hf://buckets/Mystery-pryer/nadi-2026-adi20-micro-bucket/source/data/train-00032-of-00038.parquet,true,true,2026-09-23,
LOC-000077,ART-000077,HF_PRIVATE_BUCKET,hf://buckets/Mystery-pryer/nadi-2026-adi20-micro-bucket/source/data/train-00033-of-00038.parquet,true,true,2026-09-23,
LOC-000078,ART-000078,HF_PRIVATE_BUCKET,hf://buckets/Mystery-pryer/nadi-2026-adi20-micro-bucket/source/data/train-00034-of-00038.parquet,true,true,2026-09-23,
LOC-000079,ART-000079,HF_PRIVATE_BUCKET,hf://buckets/Mystery-pryer/nadi-2026-adi20-micro-bucket/source/data/train-00035-of-00038.parquet,true,true,2026-09-23,
LOC-000080,ART-000080,HF_PRIVATE_BUCKET,hf://buckets/Mystery-pryer/nadi-2026-adi20-micro-bucket/source/data/train-00036-of-00038.parquet,true,true,2026-09-23,
LOC-000081,ART-000081,HF_PRIVATE_BUCKET,hf://buckets/Mystery-pryer/nadi-2026-adi20-micro-bucket/source/data/train-00037-of-00038.parquet,true,true,2026-09-23,
LOC-000082,ART-000082,HF_PRIVATE_BUCKET,hf://buckets/Mystery-pryer/nadi-2026-adi20-micro-bucket/source/data/validation-00000-of-00006.parquet,true,true,2026-09-23,
LOC-000083,ART-000083,HF_PRIVATE_BUCKET,hf://buckets/Mystery-pryer/nadi-2026-adi20-micro-bucket/source/data/validation-00001-of-00006.parquet,true,true,2026-09-23,
LOC-000084,ART-000084,HF_PRIVATE_BUCKET,hf://buckets/Mystery-pryer/nadi-2026-adi20-micro-bucket/source/data/validation-00002-of-00006.parquet,true,true,2026-09-23,
LOC-000085,ART-000085,HF_PRIVATE_BUCKET,hf://buckets/Mystery-pryer/nadi-2026-adi20-micro-bucket/source/data/validation-00003-of-00006.parquet,true,true,2026-09-23,
LOC-000086,ART-000086,HF_PRIVATE_BUCKET,hf://buckets/Mystery-pryer/nadi-2026-adi20-micro-bucket/source/data/validation-00004-of-00006.parquet,true,true,2026-09-23,
LOC-000087,ART-000087,HF_PRIVATE_BUCKET,hf://buckets/Mystery-pryer/nadi-2026-adi20-micro-bucket/source/data/validation-00005-of-00006.parquet,true,true,2026-09-23,
LOC-000088,ART-000088,HF_PRIVATE_BUCKET,hf://buckets/Mystery-pryer/alexandria-dialect-conversations-bucket/SOURCE_INFO.txt,true,true,2026-09-23,
LOC-000089,ART-000089,HF_PRIVATE_BUCKET,hf://buckets/Mystery-pryer/alexandria-dialect-conversations-bucket/source/EG/dev-00000-of-00001.parquet,true,true,2026-09-23,
LOC-000090,ART-000090,HF_PRIVATE_BUCKET,hf://buckets/Mystery-pryer/alexandria-dialect-conversations-bucket/source/EG/test-00000-of-00001.parquet,true,true,2026-09-23,
LOC-000091,ART-000091,HF_PRIVATE_BUCKET,hf://buckets/Mystery-pryer/alexandria-dialect-conversations-bucket/source/EG/train-00000-of-00001.parquet,true,true,2026-09-23,
LOC-000092,ART-000092,HF_PRIVATE_BUCKET,hf://buckets/Mystery-pryer/alexandria-dialect-conversations-bucket/source/JO/dev-00000-of-00001.parquet,true,true,2026-09-23,
LOC-000093,ART-000093,HF_PRIVATE_BUCKET,hf://buckets/Mystery-pryer/alexandria-dialect-conversations-bucket/source/JO/test-00000-of-00001.parquet,true,true,2026-09-23,
LOC-000094,ART-000094,HF_PRIVATE_BUCKET,hf://buckets/Mystery-pryer/alexandria-dialect-conversations-bucket/source/JO/train-00000-of-00001.parquet,true,true,2026-09-23,
LOC-000095,ART-000095,HF_PRIVATE_BUCKET,hf://buckets/Mystery-pryer/alexandria-dialect-conversations-bucket/source/LB/dev-00000-of-00001.parquet,true,true,2026-09-23,
LOC-000096,ART-000096,HF_PRIVATE_BUCKET,hf://buckets/Mystery-pryer/alexandria-dialect-conversations-bucket/source/LB/test-00000-of-00001.parquet,true,true,2026-09-23,
LOC-000097,ART-000097,HF_PRIVATE_BUCKET,hf://buckets/Mystery-pryer/alexandria-dialect-conversations-bucket/source/LB/train-00000-of-00001.parquet,true,true,2026-09-23,
LOC-000098,ART-000098,HF_PRIVATE_BUCKET,hf://buckets/Mystery-pryer/alexandria-dialect-conversations-bucket/source/LY/test-00000-of-00001.parquet,true,true,2026-09-23,
LOC-000099,ART-000099,HF_PRIVATE_BUCKET,hf://buckets/Mystery-pryer/alexandria-dialect-conversations-bucket/source/MA/dev-00000-of-00001.parquet,true,true,2026-09-23,
LOC-000100,ART-000100,HF_PRIVATE_BUCKET,hf://buckets/Mystery-pryer/alexandria-dialect-conversations-bucket/source/MA/test-00000-of-00001.parquet,true,true,2026-09-23,
LOC-000101,ART-000101,HF_PRIVATE_BUCKET,hf://buckets/Mystery-pryer/alexandria-dialect-conversations-bucket/source/MA/train-00000-of-00001.parquet,true,true,2026-09-23,
LOC-000102,ART-000102,HF_PRIVATE_BUCKET,hf://buckets/Mystery-pryer/alexandria-dialect-conversations-bucket/source/MR/dev-00000-of-00001.parquet,true,true,2026-09-23,
LOC-000103,ART-000103,HF_PRIVATE_BUCKET,hf://buckets/Mystery-pryer/alexandria-dialect-conversations-bucket/source/MR/test-00000-of-00001.parquet,true,true,2026-09-23,
LOC-000104,ART-000104,HF_PRIVATE_BUCKET,hf://buckets/Mystery-pryer/alexandria-dialect-conversations-bucket/source/MR/train-00000-of-00001.parquet,true,true,2026-09-23,
LOC-000105,ART-000105,HF_PRIVATE_BUCKET,hf://buckets/Mystery-pryer/alexandria-dialect-conversations-bucket/source/OM/dev-00000-of-00001.parquet,true,true,2026-09-23,
LOC-000106,ART-000106,HF_PRIVATE_BUCKET,hf://buckets/Mystery-pryer/alexandria-dialect-conversations-bucket/source/OM/test-00000-of-00001.parquet,true,true,2026-09-23,
LOC-000107,ART-000107,HF_PRIVATE_BUCKET,hf://buckets/Mystery-pryer/alexandria-dialect-conversations-bucket/source/OM/train-00000-of-00001.parquet,true,true,2026-09-23,
LOC-000108,ART-000108,HF_PRIVATE_BUCKET,hf://buckets/Mystery-pryer/alexandria-dialect-conversations-bucket/source/PS/dev-00000-of-00001.parquet,true,true,2026-09-23,
LOC-000109,ART-000109,HF_PRIVATE_BUCKET,hf://buckets/Mystery-pryer/alexandria-dialect-conversations-bucket/source/PS/test-00000-of-00001.parquet,true,true,2026-09-23,
LOC-000110,ART-000110,HF_PRIVATE_BUCKET,hf://buckets/Mystery-pryer/alexandria-dialect-conversations-bucket/source/PS/train-00000-of-00001.parquet,true,true,2026-09-23,
LOC-000111,ART-000111,HF_PRIVATE_BUCKET,hf://buckets/Mystery-pryer/alexandria-dialect-conversations-bucket/source/README.md,true,true,2026-09-23,
LOC-000112,ART-000112,HF_PRIVATE_BUCKET,hf://buckets/Mystery-pryer/alexandria-dialect-conversations-bucket/source/SA/dev-00000-of-00001.parquet,true,true,2026-09-23,
LOC-000113,ART-000113,HF_PRIVATE_BUCKET,hf://buckets/Mystery-pryer/alexandria-dialect-conversations-bucket/source/SA/test-00000-of-00001.parquet,true,true,2026-09-23,
LOC-000114,ART-000114,HF_PRIVATE_BUCKET,hf://buckets/Mystery-pryer/alexandria-dialect-conversations-bucket/source/SA/train-00000-of-00001.parquet,true,true,2026-09-23,
LOC-000115,ART-000115,HF_PRIVATE_BUCKET,hf://buckets/Mystery-pryer/alexandria-dialect-conversations-bucket/source/SD/test-00000-of-00001.parquet,true,true,2026-09-23,
LOC-000116,ART-000116,HF_PRIVATE_BUCKET,hf://buckets/Mystery-pryer/alexandria-dialect-conversations-bucket/source/SY/dev-00000-of-00001.parquet,true,true,2026-09-23,
LOC-000117,ART-000117,HF_PRIVATE_BUCKET,hf://buckets/Mystery-pryer/alexandria-dialect-conversations-bucket/source/SY/test-00000-of-00001.parquet,true,true,2026-09-23,
LOC-000118,ART-000118,HF_PRIVATE_BUCKET,hf://buckets/Mystery-pryer/alexandria-dialect-conversations-bucket/source/SY/train-00000-of-00001.parquet,true,true,2026-09-23,
LOC-000119,ART-000119,HF_PRIVATE_BUCKET,hf://buckets/Mystery-pryer/alexandria-dialect-conversations-bucket/source/TN/dev-00000-of-00001.parquet,true,true,2026-09-23,
LOC-000120,ART-000120,HF_PRIVATE_BUCKET,hf://buckets/Mystery-pryer/alexandria-dialect-conversations-bucket/source/TN/test-00000-of-00001.parquet,true,true,2026-09-23,
LOC-000121,ART-000121,HF_PRIVATE_BUCKET,hf://buckets/Mystery-pryer/alexandria-dialect-conversations-bucket/source/TN/train-00000-of-00001.parquet,true,true,2026-09-23,
LOC-000122,ART-000122,HF_PRIVATE_BUCKET,hf://buckets/Mystery-pryer/alexandria-dialect-conversations-bucket/source/YE/dev-00000-of-00001.parquet,true,true,2026-09-23,
LOC-000123,ART-000123,HF_PRIVATE_BUCKET,hf://buckets/Mystery-pryer/alexandria-dialect-conversations-bucket/source/YE/test-00000-of-00001.parquet,true,true,2026-09-23,
LOC-000124,ART-000124,HF_PRIVATE_BUCKET,hf://buckets/Mystery-pryer/alexandria-dialect-conversations-bucket/source/YE/train-00000-of-00001.parquet,true,true,2026-09-23,
LOC-000125,ART-000125,HF_PRIVATE_BUCKET,hf://buckets/Mystery-pryer/alexandria-dialect-conversations-bucket/source/repo_assets/alexandria-creation-workflow.webp,true,true,2026-09-23,
LOC-000126,ART-000126,HF_PRIVATE_BUCKET,hf://buckets/Mystery-pryer/alexandria-dialect-conversations-bucket/source/repo_assets/alexandria_overview.png,true,true,2026-09-23,
LOC-000127,ART-000127,HF_PRIVATE_BUCKET,hf://buckets/Mystery-pryer/sada22-saudi-speech-bucket/SOURCE_INFO.txt,true,true,2026-09-23,
LOC-000128,ART-000128,HF_PRIVATE_BUCKET,hf://buckets/Mystery-pryer/sada22-saudi-speech-bucket/source/README.md,true,true,2026-09-23,
LOC-000129,ART-000129,HF_PRIVATE_BUCKET,hf://buckets/Mystery-pryer/sada22-saudi-speech-bucket/source/data/test-00000-of-00001.parquet,true,true,2026-09-23,
LOC-000130,ART-000130,HF_PRIVATE_BUCKET,hf://buckets/Mystery-pryer/sada22-saudi-speech-bucket/source/data/train-00000-of-00028.parquet,true,true,2026-09-23,
LOC-000131,ART-000131,HF_PRIVATE_BUCKET,hf://buckets/Mystery-pryer/sada22-saudi-speech-bucket/source/data/train-00001-of-00028.parquet,true,true,2026-09-23,
LOC-000132,ART-000132,HF_PRIVATE_BUCKET,hf://buckets/Mystery-pryer/sada22-saudi-speech-bucket/source/data/train-00002-of-00028.parquet,true,true,2026-09-23,
LOC-000133,ART-000133,HF_PRIVATE_BUCKET,hf://buckets/Mystery-pryer/sada22-saudi-speech-bucket/source/data/train-00003-of-00028.parquet,true,true,2026-09-23,
LOC-000134,ART-000134,HF_PRIVATE_BUCKET,hf://buckets/Mystery-pryer/sada22-saudi-speech-bucket/source/data/train-00004-of-00028.parquet,true,true,2026-09-23,
LOC-000135,ART-000135,HF_PRIVATE_BUCKET,hf://buckets/Mystery-pryer/sada22-saudi-speech-bucket/source/data/train-00005-of-00028.parquet,true,true,2026-09-23,
LOC-000136,ART-000136,HF_PRIVATE_BUCKET,hf://buckets/Mystery-pryer/sada22-saudi-speech-bucket/source/data/train-00006-of-00028.parquet,true,true,2026-09-23,
LOC-000137,ART-000137,HF_PRIVATE_BUCKET,hf://buckets/Mystery-pryer/sada22-saudi-speech-bucket/source/data/train-00007-of-00028.parquet,true,true,2026-09-23,
LOC-000138,ART-000138,HF_PRIVATE_BUCKET,hf://buckets/Mystery-pryer/sada22-saudi-speech-bucket/source/data/train-00008-of-00028.parquet,true,true,2026-09-23,
LOC-000139,ART-000139,HF_PRIVATE_BUCKET,hf://buckets/Mystery-pryer/sada22-saudi-speech-bucket/source/data/train-00009-of-00028.parquet,true,true,2026-09-23,
LOC-000140,ART-000140,HF_PRIVATE_BUCKET,hf://buckets/Mystery-pryer/sada22-saudi-speech-bucket/source/data/train-00010-of-00028.parquet,true,true,2026-09-23,
LOC-000141,ART-000141,HF_PRIVATE_BUCKET,hf://buckets/Mystery-pryer/sada22-saudi-speech-bucket/source/data/train-00011-of-00028.parquet,true,true,2026-09-23,
LOC-000142,ART-000142,HF_PRIVATE_BUCKET,hf://buckets/Mystery-pryer/sada22-saudi-speech-bucket/source/data/train-00012-of-00028.parquet,true,true,2026-09-23,
LOC-000143,ART-000143,HF_PRIVATE_BUCKET,hf://buckets/Mystery-pryer/sada22-saudi-speech-bucket/source/data/train-00013-of-00028.parquet,true,true,2026-09-23,
LOC-000144,ART-000144,HF_PRIVATE_BUCKET,hf://buckets/Mystery-pryer/sada22-saudi-speech-bucket/source/data/train-00014-of-00028.parquet,true,true,2026-09-23,
LOC-000145,ART-000145,HF_PRIVATE_BUCKET,hf://buckets/Mystery-pryer/sada22-saudi-speech-bucket/source/data/train-00015-of-00028.parquet,true,true,2026-09-23,
LOC-000146,ART-000146,HF_PRIVATE_BUCKET,hf://buckets/Mystery-pryer/sada22-saudi-speech-bucket/source/data/train-00016-of-00028.parquet,true,true,2026-09-23,
LOC-000147,ART-000147,HF_PRIVATE_BUCKET,hf://buckets/Mystery-pryer/sada22-saudi-speech-bucket/source/data/train-00017-of-00028.parquet,true,true,2026-09-23,
LOC-000148,ART-000148,HF_PRIVATE_BUCKET,hf://buckets/Mystery-pryer/sada22-saudi-speech-bucket/source/data/train-00018-of-00028.parquet,true,true,2026-09-23,
LOC-000149,ART-000149,HF_PRIVATE_BUCKET,hf://buckets/Mystery-pryer/sada22-saudi-speech-bucket/source/data/train-00019-of-00028.parquet,true,true,2026-09-23,
LOC-000150,ART-000150,HF_PRIVATE_BUCKET,hf://buckets/Mystery-pryer/sada22-saudi-speech-bucket/source/data/train-00020-of-00028.parquet,true,true,2026-09-23,
LOC-000151,ART-000151,HF_PRIVATE_BUCKET,hf://buckets/Mystery-pryer/sada22-saudi-speech-bucket/source/data/train-00021-of-00028.parquet,true,true,2026-09-23,
LOC-000152,ART-000152,HF_PRIVATE_BUCKET,hf://buckets/Mystery-pryer/sada22-saudi-speech-bucket/source/data/train-00022-of-00028.parquet,true,true,2026-09-23,
LOC-000153,ART-000153,HF_PRIVATE_BUCKET,hf://buckets/Mystery-pryer/sada22-saudi-speech-bucket/source/data/train-00023-of-00028.parquet,true,true,2026-09-23,
LOC-000154,ART-000154,HF_PRIVATE_BUCKET,hf://buckets/Mystery-pryer/sada22-saudi-speech-bucket/source/data/train-00024-of-00028.parquet,true,true,2026-09-23,
LOC-000155,ART-000155,HF_PRIVATE_BUCKET,hf://buckets/Mystery-pryer/sada22-saudi-speech-bucket/source/data/train-00025-of-00028.parquet,true,true,2026-09-23,
LOC-000156,ART-000156,HF_PRIVATE_BUCKET,hf://buckets/Mystery-pryer/sada22-saudi-speech-bucket/source/data/train-00026-of-00028.parquet,true,true,2026-09-23,
LOC-000157,ART-000157,HF_PRIVATE_BUCKET,hf://buckets/Mystery-pryer/sada22-saudi-speech-bucket/source/data/train-00027-of-00028.parquet,true,true,2026-09-23,
LOC-000158,ART-000158,HF_PRIVATE_BUCKET,hf://buckets/Mystery-pryer/sada22-saudi-speech-bucket/source/data/validation-00000-of-00002.parquet,true,true,2026-09-23,
LOC-000159,ART-000159,HF_PRIVATE_BUCKET,hf://buckets/Mystery-pryer/sada22-saudi-speech-bucket/source/data/validation-00001-of-00002.parquet,true,true,2026-09-23,
LOC-000160,ART-000160,HF_PRIVATE_BUCKET,hf://buckets/Mystery-pryer/organic-gulf-arabic-dialect-dataset-bucket/.gitattributes,true,true,2026-09-23,
LOC-000161,ART-000161,HF_PRIVATE_BUCKET,hf://buckets/Mystery-pryer/organic-gulf-arabic-dialect-dataset-bucket/README.md,true,true,2026-09-23,
LOC-000162,ART-000162,HF_PRIVATE_BUCKET,hf://buckets/Mystery-pryer/organic-gulf-arabic-dialect-dataset-bucket/gulf_dialect_dataset.csv,true,true,2026-09-23,
LOC-000163,ART-000163,HF_PRIVATE_BUCKET,hf://buckets/Mystery-pryer/ajman-customer-service-open-data-bucket/PROFILE.json,true,true,2026-09-23,
LOC-000164,ART-000164,HF_PRIVATE_BUCKET,hf://buckets/Mystery-pryer/ajman-customer-service-open-data-bucket/SOURCE_INFO.txt,true,true,2026-09-23,
LOC-000165,ART-000165,HF_PRIVATE_BUCKET,hf://buckets/Mystery-pryer/ajman-customer-service-open-data-bucket/source/ajman_inquiries_suggestions.csv,true,true,2026-09-23,
LOC-000166,ART-000166,HF_PRIVATE_BUCKET,hf://buckets/Mystery-pryer/opinrank-dubai-hotels-bucket/DUBAI_PROFILE.json,true,true,2026-09-23,
LOC-000167,ART-000167,HF_PRIVATE_BUCKET,hf://buckets/Mystery-pryer/opinrank-dubai-hotels-bucket/SOURCE_INFO.txt,true,true,2026-09-23,
LOC-000168,ART-000168,HF_PRIVATE_BUCKET,hf://buckets/Mystery-pryer/opinrank-dubai-hotels-bucket/dubai_subset/are_dubai_abc_almanar_hotel_apartment,true,true,2026-09-23,
LOC-000169,ART-000169,HF_PRIVATE_BUCKET,hf://buckets/Mystery-pryer/opinrank-dubai-hotels-bucket/dubai_subset/are_dubai_admiral_plaza_hotel,true,true,2026-09-23,
LOC-000170,ART-000170,HF_PRIVATE_BUCKET,hf://buckets/Mystery-pryer/opinrank-dubai-hotels-bucket/dubai_subset/are_dubai_al_bustan_centre_residence,true,true,2026-09-23,
LOC-000171,ART-000171,HF_PRIVATE_BUCKET,hf://buckets/Mystery-pryer/opinrank-dubai-hotels-bucket/dubai_subset/are_dubai_al_bustan_rotana_dubai,true,true,2026-09-23,
LOC-000172,ART-000172,HF_PRIVATE_BUCKET,hf://buckets/Mystery-pryer/opinrank-dubai-hotels-bucket/dubai_subset/are_dubai_al_hijaz_heritage_motel,true,true,2026-09-23,
LOC-000173,ART-000173,HF_PRIVATE_BUCKET,hf://buckets/Mystery-pryer/opinrank-dubai-hotels-bucket/dubai_subset/are_dubai_al_jawhara_gardens_hotel,true,true,2026-09-23,
LOC-000174,ART-000174,HF_PRIVATE_BUCKET,hf://buckets/Mystery-pryer/opinrank-dubai-hotels-bucket/dubai_subset/are_dubai_al_khaleej_hotel,true,true,2026-09-23,
LOC-000175,ART-000175,HF_PRIVATE_BUCKET,hf://buckets/Mystery-pryer/opinrank-dubai-hotels-bucket/dubai_subset/are_dubai_al_khaleej_palace_hotel,true,true,2026-09-23,
LOC-000176,ART-000176,HF_PRIVATE_BUCKET,hf://buckets/Mystery-pryer/opinrank-dubai-hotels-bucket/dubai_subset/are_dubai_al_maha_desert_resort,true,true,2026-09-23,
LOC-000177,ART-000177,HF_PRIVATE_BUCKET,hf://buckets/Mystery-pryer/opinrank-dubai-hotels-bucket/dubai_subset/are_dubai_al_manzil_hotel,true,true,2026-09-23,
LOC-000178,ART-000178,HF_PRIVATE_BUCKET,hf://buckets/Mystery-pryer/opinrank-dubai-hotels-bucket/dubai_subset/are_dubai_al_murooj_rotana_dubai,true,true,2026-09-23,
LOC-000179,ART-000179,HF_PRIVATE_BUCKET,hf://buckets/Mystery-pryer/opinrank-dubai-hotels-bucket/dubai_subset/are_dubai_al_qasr_at_madinat_jumeirah,true,true,2026-09-23,
LOC-000180,ART-000180,HF_PRIVATE_BUCKET,hf://buckets/Mystery-pryer/opinrank-dubai-hotels-bucket/dubai_subset/are_dubai_ambassador_hotel,true,true,2026-09-23,
LOC-000181,ART-000181,HF_PRIVATE_BUCKET,hf://buckets/Mystery-pryer/opinrank-dubai-hotels-bucket/dubai_subset/are_dubai_angsana_dubai,true,true,2026-09-23,
LOC-000182,ART-000182,HF_PRIVATE_BUCKET,hf://buckets/Mystery-pryer/opinrank-dubai-hotels-bucket/dubai_subset/are_dubai_arabian_court_at_one_and_only_royal_mirage,true,true,2026-09-23,
LOC-000183,ART-000183,HF_PRIVATE_BUCKET,hf://buckets/Mystery-pryer/opinrank-dubai-hotels-bucket/dubai_subset/are_dubai_arabian_courtyard_hotel_spa,true,true,2026-09-23,
LOC-000184,ART-000184,HF_PRIVATE_BUCKET,hf://buckets/Mystery-pryer/opinrank-dubai-hotels-bucket/dubai_subset/are_dubai_arabian_dreams_hotel_apartments,true,true,2026-09-23,
LOC-000185,ART-000185,HF_PRIVATE_BUCKET,hf://buckets/Mystery-pryer/opinrank-dubai-hotels-bucket/dubai_subset/are_dubai_arabian_park_hotel,true,true,2026-09-23,
LOC-000186,ART-000186,HF_PRIVATE_BUCKET,hf://buckets/Mystery-pryer/opinrank-dubai-hotels-bucket/dubai_subset/are_dubai_arjaan_dubai_media_city,true,true,2026-09-23,
LOC-000187,ART-000187,HF_PRIVATE_BUCKET,hf://buckets/Mystery-pryer/opinrank-dubai-hotels-bucket/dubai_subset/are_dubai_ascot_hotel,true,true,2026-09-23,
LOC-000188,ART-000188,HF_PRIVATE_BUCKET,hf://buckets/Mystery-pryer/opinrank-dubai-hotels-bucket/dubai_subset/are_dubai_astoria_hotel,true,true,2026-09-23,
LOC-000189,ART-000189,HF_PRIVATE_BUCKET,hf://buckets/Mystery-pryer/opinrank-dubai-hotels-bucket/dubai_subset/are_dubai_atlantis_the_palm,true,true,2026-09-23,
LOC-000190,ART-000190,HF_PRIVATE_BUCKET,hf://buckets/Mystery-pryer/opinrank-dubai-hotels-bucket/dubai_subset/are_dubai_avari_dubai_hotel,true,true,2026-09-23,
LOC-000191,ART-000191,HF_PRIVATE_BUCKET,hf://buckets/Mystery-pryer/opinrank-dubai-hotels-bucket/dubai_subset/are_dubai_baniyas_square_by_le_meridien,true,true,2026-09-23,
LOC-000192,ART-000192,HF_PRIVATE_BUCKET,hf://buckets/Mystery-pryer/opinrank-dubai-hotels-bucket/dubai_subset/are_dubai_beit_al_bahar,true,true,2026-09-23,
LOC-000193,ART-000193,HF_PRIVATE_BUCKET,hf://buckets/Mystery-pryer/opinrank-dubai-hotels-bucket/dubai_subset/are_dubai_belvedere_court_hotel_apartments,true,true,2026-09-23,
LOC-000194,ART-000194,HF_PRIVATE_BUCKET,hf://buckets/Mystery-pryer/opinrank-dubai-hotels-bucket/dubai_subset/are_dubai_bonnington_jumeirah_lakes_towers,true,true,2026-09-23,
LOC-000195,ART-000195,HF_PRIVATE_BUCKET,hf://buckets/Mystery-pryer/opinrank-dubai-hotels-bucket/dubai_subset/are_dubai_burj_al_arab,true,true,2026-09-23,
LOC-000196,ART-000196,HF_PRIVATE_BUCKET,hf://buckets/Mystery-pryer/opinrank-dubai-hotels-bucket/dubai_subset/are_dubai_burjuman_arjaan_dubai,true,true,2026-09-23,
LOC-000197,ART-000197,HF_PRIVATE_BUCKET,hf://buckets/Mystery-pryer/opinrank-dubai-hotels-bucket/dubai_subset/are_dubai_capitol_hotel,true,true,2026-09-23,
LOC-000198,ART-000198,HF_PRIVATE_BUCKET,hf://buckets/Mystery-pryer/opinrank-dubai-hotels-bucket/dubai_subset/are_dubai_chelsea_hotel,true,true,2026-09-23,
LOC-000199,ART-000199,HF_PRIVATE_BUCKET,hf://buckets/Mystery-pryer/opinrank-dubai-hotels-bucket/dubai_subset/are_dubai_chelsea_tower_hotel_apartments,true,true,2026-09-23,
LOC-000200,ART-000200,HF_PRIVATE_BUCKET,hf://buckets/Mystery-pryer/opinrank-dubai-hotels-bucket/dubai_subset/are_dubai_city_centre_hotel_residence,true,true,2026-09-23,
LOC-000201,ART-000201,HF_PRIVATE_BUCKET,hf://buckets/Mystery-pryer/opinrank-dubai-hotels-bucket/dubai_subset/are_dubai_city_seasons_hotel,true,true,2026-09-23,
LOC-000202,ART-000202,HF_PRIVATE_BUCKET,hf://buckets/Mystery-pryer/opinrank-dubai-hotels-bucket/dubai_subset/are_dubai_city_seasons_suites,true,true,2026-09-23,
LOC-000203,ART-000203,HF_PRIVATE_BUCKET,hf://buckets/Mystery-pryer/opinrank-dubai-hotels-bucket/dubai_subset/are_dubai_city_star_hotel,true,true,2026-09-23,
LOC-000204,ART-000204,HF_PRIVATE_BUCKET,hf://buckets/Mystery-pryer/opinrank-dubai-hotels-bucket/dubai_subset/are_dubai_city_tower_hotel_aparments,true,true,2026-09-23,
LOC-000205,ART-000205,HF_PRIVATE_BUCKET,hf://buckets/Mystery-pryer/opinrank-dubai-hotels-bucket/dubai_subset/are_dubai_claridge_hotel,true,true,2026-09-23,
LOC-000206,ART-000206,HF_PRIVATE_BUCKET,hf://buckets/Mystery-pryer/opinrank-dubai-hotels-bucket/dubai_subset/are_dubai_comfort_inn_hotel,true,true,2026-09-23,
LOC-000207,ART-000207,HF_PRIVATE_BUCKET,hf://buckets/Mystery-pryer/opinrank-dubai-hotels-bucket/dubai_subset/are_dubai_copthorne_hotel_dubai,true,true,2026-09-23,
LOC-000208,ART-000208,HF_PRIVATE_BUCKET,hf://buckets/Mystery-pryer/opinrank-dubai-hotels-bucket/dubai_subset/are_dubai_coral_al_khoory_hotel_apartments,true,true,2026-09-23,
LOC-000209,ART-000209,HF_PRIVATE_BUCKET,hf://buckets/Mystery-pryer/opinrank-dubai-hotels-bucket/dubai_subset/are_dubai_coral_boutique_hotel_apartments,true,true,2026-09-23,
LOC-000210,ART-000210,HF_PRIVATE_BUCKET,hf://buckets/Mystery-pryer/opinrank-dubai-hotels-bucket/dubai_subset/are_dubai_coral_deira_dubai,true,true,2026-09-23,
LOC-000211,ART-000211,HF_PRIVATE_BUCKET,hf://buckets/Mystery-pryer/opinrank-dubai-hotels-bucket/dubai_subset/are_dubai_coral_oriental_dubai,true,true,2026-09-23,
LOC-000212,ART-000212,HF_PRIVATE_BUCKET,hf://buckets/Mystery-pryer/opinrank-dubai-hotels-bucket/dubai_subset/are_dubai_courtyard_by_marriott_green_community_dubai,true,true,2026-09-23,
LOC-000213,ART-000213,HF_PRIVATE_BUCKET,hf://buckets/Mystery-pryer/opinrank-dubai-hotels-bucket/dubai_subset/are_dubai_crowne_plaza_dubai_festival_city,true,true,2026-09-23,
LOC-000214,ART-000214,HF_PRIVATE_BUCKET,hf://buckets/Mystery-pryer/opinrank-dubai-hotels-bucket/dubai_subset/are_dubai_crowne_plaza_hotel_dubai,true,true,2026-09-23,
LOC-000215,ART-000215,HF_PRIVATE_BUCKET,hf://buckets/Mystery-pryer/opinrank-dubai-hotels-bucket/dubai_subset/are_dubai_dar_al_masyaf_at_madinat_jumeirah,true,true,2026-09-23,
LOC-000216,ART-000216,HF_PRIVATE_BUCKET,hf://buckets/Mystery-pryer/opinrank-dubai-hotels-bucket/dubai_subset/are_dubai_deira_town_hotel,true,true,2026-09-23,
LOC-000217,ART-000217,HF_PRIVATE_BUCKET,hf://buckets/Mystery-pryer/opinrank-dubai-hotels-bucket/dubai_subset/are_dubai_delmon_hotel,true,true,2026-09-23,
LOC-000218,ART-000218,HF_PRIVATE_BUCKET,hf://buckets/Mystery-pryer/opinrank-dubai-hotels-bucket/dubai_subset/are_dubai_desert_palm_resort_spa,true,true,2026-09-23,
LOC-000219,ART-000219,HF_PRIVATE_BUCKET,hf://buckets/Mystery-pryer/opinrank-dubai-hotels-bucket/dubai_subset/are_dubai_dhow_palace_hotel,true,true,2026-09-23,
LOC-000220,ART-000220,HF_PRIVATE_BUCKET,hf://buckets/Mystery-pryer/opinrank-dubai-hotels-bucket/dubai_subset/are_dubai_dolphin_hotel_apartments,true,true,2026-09-23,
LOC-000221,ART-000221,HF_PRIVATE_BUCKET,hf://buckets/Mystery-pryer/opinrank-dubai-hotels-bucket/dubai_subset/are_dubai_dream_palace_hotel,true,true,2026-09-23,
LOC-000222,ART-000222,HF_PRIVATE_BUCKET,hf://buckets/Mystery-pryer/opinrank-dubai-hotels-bucket/dubai_subset/are_dubai_dubai_concorde_residence_hotel,true,true,2026-09-23,
LOC-000223,ART-000223,HF_PRIVATE_BUCKET,hf://buckets/Mystery-pryer/opinrank-dubai-hotels-bucket/dubai_subset/are_dubai_dubai_grand_hotel,true,true,2026-09-23,
LOC-000224,ART-000224,HF_PRIVATE_BUCKET,hf://buckets/Mystery-pryer/opinrank-dubai-hotels-bucket/dubai_subset/are_dubai_dubai_international_hotel,true,true,2026-09-23,
LOC-000225,ART-000225,HF_PRIVATE_BUCKET,hf://buckets/Mystery-pryer/opinrank-dubai-hotels-bucket/dubai_subset/are_dubai_dubai_marina_the_waves,true,true,2026-09-23,
LOC-000226,ART-000226,HF_PRIVATE_BUCKET,hf://buckets/Mystery-pryer/opinrank-dubai-hotels-bucket/dubai_subset/are_dubai_dubai_marine_beach_resort_and_spa,true,true,2026-09-23,
LOC-000227,ART-000227,HF_PRIVATE_BUCKET,hf://buckets/Mystery-pryer/opinrank-dubai-hotels-bucket/dubai_subset/are_dubai_dubai_marriott_harbour_hotel_suites,true,true,2026-09-23,
LOC-000228,ART-000228,HF_PRIVATE_BUCKET,hf://buckets/Mystery-pryer/opinrank-dubai-hotels-bucket/dubai_subset/are_dubai_dubai_nova_hotel,true,true,2026-09-23,
LOC-000229,ART-000229,HF_PRIVATE_BUCKET,hf://buckets/Mystery-pryer/opinrank-dubai-hotels-bucket/dubai_subset/are_dubai_dusit_thani_dubai,true,true,2026-09-23,
LOC-000230,ART-000230,HF_PRIVATE_BUCKET,hf://buckets/Mystery-pryer/opinrank-dubai-hotels-bucket/dubai_subset/are_dubai_emirates_concorde_hotel_residence,true,true,2026-09-23,
LOC-000231,ART-000231,HF_PRIVATE_BUCKET,hf://buckets/Mystery-pryer/opinrank-dubai-hotels-bucket/dubai_subset/are_dubai_emirates_stars_hotel_apartments,true,true,2026-09-23,
LOC-000232,ART-000232,HF_PRIVATE_BUCKET,hf://buckets/Mystery-pryer/opinrank-dubai-hotels-bucket/dubai_subset/are_dubai_excelsior_creek,true,true,2026-09-23,
LOC-000233,ART-000233,HF_PRIVATE_BUCKET,hf://buckets/Mystery-pryer/opinrank-dubai-hotels-bucket/dubai_subset/are_dubai_flora_creek_hotel_apartments,true,true,2026-09-23,
LOC-000234,ART-000234,HF_PRIVATE_BUCKET,hf://buckets/Mystery-pryer/opinrank-dubai-hotels-bucket/dubai_subset/are_dubai_flora_grand_hotel,true,true,2026-09-23,
LOC-000235,ART-000235,HF_PRIVATE_BUCKET,hf://buckets/Mystery-pryer/opinrank-dubai-hotels-bucket/dubai_subset/are_dubai_flora_park_hotel_apartments,true,true,2026-09-23,
LOC-000236,ART-000236,HF_PRIVATE_BUCKET,hf://buckets/Mystery-pryer/opinrank-dubai-hotels-bucket/dubai_subset/are_dubai_fortune_hotel,true,true,2026-09-23,
LOC-000237,ART-000237,HF_PRIVATE_BUCKET,hf://buckets/Mystery-pryer/opinrank-dubai-hotels-bucket/dubai_subset/are_dubai_four_points_by_sheraton_bur_dubai,true,true,2026-09-23,
LOC-000238,ART-000238,HF_PRIVATE_BUCKET,hf://buckets/Mystery-pryer/opinrank-dubai-hotels-bucket/dubai_subset/are_dubai_four_points_by_sheraton_downtown_dubai,true,true,2026-09-23,
LOC-000239,ART-000239,HF_PRIVATE_BUCKET,hf://buckets/Mystery-pryer/opinrank-dubai-hotels-bucket/dubai_subset/are_dubai_four_points_by_sheraton_sheikh_zayed_road_dubai,true,true,2026-09-23,
LOC-000240,ART-000240,HF_PRIVATE_BUCKET,hf://buckets/Mystery-pryer/opinrank-dubai-hotels-bucket/dubai_subset/are_dubai_gold_swiss_belhotel_dubai,true,true,2026-09-23,
LOC-000241,ART-000241,HF_PRIVATE_BUCKET,hf://buckets/Mystery-pryer/opinrank-dubai-hotels-bucket/dubai_subset/are_dubai_golden_sands_hotel_apartments,true,true,2026-09-23,
LOC-000242,ART-000242,HF_PRIVATE_BUCKET,hf://buckets/Mystery-pryer/opinrank-dubai-hotels-bucket/dubai_subset/are_dubai_golden_tulip_al_barsha,true,true,2026-09-23,
LOC-000243,ART-000243,HF_PRIVATE_BUCKET,hf://buckets/Mystery-pryer/opinrank-dubai-hotels-bucket/dubai_subset/are_dubai_grand_hyatt_dubai,true,true,2026-09-23,
LOC-000244,ART-000244,HF_PRIVATE_BUCKET,hf://buckets/Mystery-pryer/opinrank-dubai-hotels-bucket/dubai_subset/are_dubai_grand_hyatt_hotel_dubai,true,true,2026-09-23,
LOC-000245,ART-000245,HF_PRIVATE_BUCKET,hf://buckets/Mystery-pryer/opinrank-dubai-hotels-bucket/dubai_subset/are_dubai_grand_midwest_express_hotel_apartments,true,true,2026-09-23,
LOC-000246,ART-000246,HF_PRIVATE_BUCKET,hf://buckets/Mystery-pryer/opinrank-dubai-hotels-bucket/dubai_subset/are_dubai_grand_midwest_hotel_apartments,true,true,2026-09-23,
LOC-000247,ART-000247,HF_PRIVATE_BUCKET,hf://buckets/Mystery-pryer/opinrank-dubai-hotels-bucket/dubai_subset/are_dubai_grand_millennium_dubai,true,true,2026-09-23,
LOC-000248,ART-000248,HF_PRIVATE_BUCKET,hf://buckets/Mystery-pryer/opinrank-dubai-hotels-bucket/dubai_subset/are_dubai_grand_moov_hotel,true,true,2026-09-23,
LOC-000249,ART-000249,HF_PRIVATE_BUCKET,hf://buckets/Mystery-pryer/opinrank-dubai-hotels-bucket/dubai_subset/are_dubai_grand_palace_hotel_apartments,true,true,2026-09-23,
LOC-000250,ART-000250,HF_PRIVATE_BUCKET,hf://buckets/Mystery-pryer/opinrank-dubai-hotels-bucket/dubai_subset/are_dubai_grandeur_hotel,true,true,2026-09-23,
LOC-000251,ART-000251,HF_PRIVATE_BUCKET,hf://buckets/Mystery-pryer/opinrank-dubai-hotels-bucket/dubai_subset/are_dubai_grosvenor_house_west_marina_beach_by_le_meridien_dubai,true,true,2026-09-23,
LOC-000252,ART-000252,HF_PRIVATE_BUCKET,hf://buckets/Mystery-pryer/opinrank-dubai-hotels-bucket/dubai_subset/are_dubai_habtoor_grand_resort_spa,true,true,2026-09-23,
LOC-000253,ART-000253,HF_PRIVATE_BUCKET,hf://buckets/Mystery-pryer/opinrank-dubai-hotels-bucket/dubai_subset/are_dubai_hallmark_hotel,true,true,2026-09-23,
LOC-000254,ART-000254,HF_PRIVATE_BUCKET,hf://buckets/Mystery-pryer/opinrank-dubai-hotels-bucket/dubai_subset/are_dubai_hatta_fort_hotel,true,true,2026-09-23,
LOC-000255,ART-000255,HF_PRIVATE_BUCKET,hf://buckets/Mystery-pryer/opinrank-dubai-hotels-bucket/dubai_subset/are_dubai_hawthorn_hotel_deira,true,true,2026-09-23,
LOC-000256,ART-000256,HF_PRIVATE_BUCKET,hf://buckets/Mystery-pryer/opinrank-dubai-hotels-bucket/dubai_subset/are_dubai_highland_hotel,true,true,2026-09-23,
LOC-000257,ART-000257,HF_PRIVATE_BUCKET,hf://buckets/Mystery-pryer/opinrank-dubai-hotels-bucket/dubai_subset/are_dubai_hilton_dubai_creek,true,true,2026-09-23,
LOC-000258,ART-000258,HF_PRIVATE_BUCKET,hf://buckets/Mystery-pryer/opinrank-dubai-hotels-bucket/dubai_subset/are_dubai_hilton_dubai_jumeirah,true,true,2026-09-23,
LOC-000259,ART-000259,HF_PRIVATE_BUCKET,hf://buckets/Mystery-pryer/opinrank-dubai-hotels-bucket/dubai_subset/are_dubai_holiday_inn_downtown_dubai,true,true,2026-09-23,
LOC-000260,ART-000260,HF_PRIVATE_BUCKET,hf://buckets/Mystery-pryer/opinrank-dubai-hotels-bucket/dubai_subset/are_dubai_holiday_inn_dubai_al_barsha,true,true,2026-09-23,
LOC-000261,ART-000261,HF_PRIVATE_BUCKET,hf://buckets/Mystery-pryer/opinrank-dubai-hotels-bucket/dubai_subset/are_dubai_holiday_inn_express_dubai_internet_city,true,true,2026-09-23,
LOC-000262,ART-000262,HF_PRIVATE_BUCKET,hf://buckets/Mystery-pryer/opinrank-dubai-hotels-bucket/dubai_subset/are_dubai_holiday_inn_express_dubai_safa_park,true,true,2026-09-23,
LOC-000263,ART-000263,HF_PRIVATE_BUCKET,hf://buckets/Mystery-pryer/opinrank-dubai-hotels-bucket/dubai_subset/are_dubai_hotel_eureka,true,true,2026-09-23,
LOC-000264,ART-000264,HF_PRIVATE_BUCKET,hf://buckets/Mystery-pryer/opinrank-dubai-hotels-bucket/dubai_subset/are_dubai_hyatt_regency_dubai,true,true,2026-09-23,
LOC-000265,ART-000265,HF_PRIVATE_BUCKET,hf://buckets/Mystery-pryer/opinrank-dubai-hotels-bucket/dubai_subset/are_dubai_ibis_al_barsha,true,true,2026-09-23,
LOC-000266,ART-000266,HF_PRIVATE_BUCKET,hf://buckets/Mystery-pryer/opinrank-dubai-hotels-bucket/dubai_subset/are_dubai_ibis_deira_city_centre,true,true,2026-09-23,
LOC-000267,ART-000267,HF_PRIVATE_BUCKET,hf://buckets/Mystery-pryer/opinrank-dubai-hotels-bucket/dubai_subset/are_dubai_ibis_mall_of_the_emirates,true,true,2026-09-23,
LOC-000268,ART-000268,HF_PRIVATE_BUCKET,hf://buckets/Mystery-pryer/opinrank-dubai-hotels-bucket/dubai_subset/are_dubai_ibis_world_trade_centre_dubai,true,true,2026-09-23,
LOC-000269,ART-000269,HF_PRIVATE_BUCKET,hf://buckets/Mystery-pryer/opinrank-dubai-hotels-bucket/dubai_subset/are_dubai_imperial_suites,true,true,2026-09-23,
LOC-000270,ART-000270,HF_PRIVATE_BUCKET,hf://buckets/Mystery-pryer/opinrank-dubai-hotels-bucket/dubai_subset/are_dubai_intercontinental_dubai_festival_city,true,true,2026-09-23,
LOC-000271,ART-000271,HF_PRIVATE_BUCKET,hf://buckets/Mystery-pryer/opinrank-dubai-hotels-bucket/dubai_subset/are_dubai_jebel_ali_golf_resort_spa,true,true,2026-09-23,
LOC-000272,ART-000272,HF_PRIVATE_BUCKET,hf://buckets/Mystery-pryer/opinrank-dubai-hotels-bucket/dubai_subset/are_dubai_jebel_ali_palm_tree_court_spa,true,true,2026-09-23,
LOC-000273,ART-000273,HF_PRIVATE_BUCKET,hf://buckets/Mystery-pryer/opinrank-dubai-hotels-bucket/dubai_subset/are_dubai_jonrad_hotel,true,true,2026-09-23,
LOC-000274,ART-000274,HF_PRIVATE_BUCKET,hf://buckets/Mystery-pryer/opinrank-dubai-hotels-bucket/dubai_subset/are_dubai_jormand_hotel_apartments,true,true,2026-09-23,
LOC-000275,ART-000275,HF_PRIVATE_BUCKET,hf://buckets/Mystery-pryer/opinrank-dubai-hotels-bucket/dubai_subset/are_dubai_jumeira_rotana,true,true,2026-09-23,
LOC-000276,ART-000276,HF_PRIVATE_BUCKET,hf://buckets/Mystery-pryer/opinrank-dubai-hotels-bucket/dubai_subset/are_dubai_jumeirah_bab_al_shams_desert_resort_spa,true,true,2026-09-23,
LOC-000277,ART-000277,HF_PRIVATE_BUCKET,hf://buckets/Mystery-pryer/opinrank-dubai-hotels-bucket/dubai_subset/are_dubai_jumeirah_beach_club_resort_and_spa,true,true,2026-09-23,
LOC-000278,ART-000278,HF_PRIVATE_BUCKET,hf://buckets/Mystery-pryer/opinrank-dubai-hotels-bucket/dubai_subset/are_dubai_jumeirah_beach_hotel,true,true,2026-09-23,
LOC-000279,ART-000279,HF_PRIVATE_BUCKET,hf://buckets/Mystery-pryer/opinrank-dubai-hotels-bucket/dubai_subset/are_dubai_jumeirah_emirates_towers_hotel,true,true,2026-09-23,
LOC-000280,ART-000280,HF_PRIVATE_BUCKET,hf://buckets/Mystery-pryer/opinrank-dubai-hotels-bucket/dubai_subset/are_dubai_jw_marriott_hotel_dubai,true,true,2026-09-23,
LOC-000281,ART-000281,HF_PRIVATE_BUCKET,hf://buckets/Mystery-pryer/opinrank-dubai-hotels-bucket/dubai_subset/are_dubai_k_porte_inn_hotel,true,true,2026-09-23,
LOC-000282,ART-000282,HF_PRIVATE_BUCKET,hf://buckets/Mystery-pryer/opinrank-dubai-hotels-bucket/dubai_subset/are_dubai_karama_hotel,true,true,2026-09-23,
LOC-000283,ART-000283,HF_PRIVATE_BUCKET,hf://buckets/Mystery-pryer/opinrank-dubai-hotels-bucket/dubai_subset/are_dubai_kempinski_hotel_mall_of_the_emirates,true,true,2026-09-23,
LOC-000284,ART-000284,HF_PRIVATE_BUCKET,hf://buckets/Mystery-pryer/opinrank-dubai-hotels-bucket/dubai_subset/are_dubai_kirklees_hotel_apartment,true,true,2026-09-23,
LOC-000285,ART-000285,HF_PRIVATE_BUCKET,hf://buckets/Mystery-pryer/opinrank-dubai-hotels-bucket/dubai_subset/are_dubai_la_maison_d_hotes,true,true,2026-09-23,
LOC-000286,ART-000286,HF_PRIVATE_BUCKET,hf://buckets/Mystery-pryer/opinrank-dubai-hotels-bucket/dubai_subset/are_dubai_landmark_hotel,true,true,2026-09-23,
LOC-000287,ART-000287,HF_PRIVATE_BUCKET,hf://buckets/Mystery-pryer/opinrank-dubai-hotels-bucket/dubai_subset/are_dubai_landmark_plaza_hotel,true,true,2026-09-23,
LOC-000288,ART-000288,HF_PRIVATE_BUCKET,hf://buckets/Mystery-pryer/opinrank-dubai-hotels-bucket/dubai_subset/are_dubai_layia_oak_hotel_suites,true,true,2026-09-23,
LOC-000289,ART-000289,HF_PRIVATE_BUCKET,hf://buckets/Mystery-pryer/opinrank-dubai-hotels-bucket/dubai_subset/are_dubai_le_meridien_al_sondos_suites,true,true,2026-09-23,
LOC-000290,ART-000290,HF_PRIVATE_BUCKET,hf://buckets/Mystery-pryer/opinrank-dubai-hotels-bucket/dubai_subset/are_dubai_le_meridien_dar_al_sondos_hotel_apartments,true,true,2026-09-23,
LOC-000291,ART-000291,HF_PRIVATE_BUCKET,hf://buckets/Mystery-pryer/opinrank-dubai-hotels-bucket/dubai_subset/are_dubai_le_meridien_dubai,true,true,2026-09-23,
LOC-000292,ART-000292,HF_PRIVATE_BUCKET,hf://buckets/Mystery-pryer/opinrank-dubai-hotels-bucket/dubai_subset/are_dubai_le_meridien_fairway,true,true,2026-09-23,
LOC-000293,ART-000293,HF_PRIVATE_BUCKET,hf://buckets/Mystery-pryer/opinrank-dubai-hotels-bucket/dubai_subset/are_dubai_le_meridien_mina_seyahi_beach_resort_and_marina,true,true,2026-09-23,
LOC-000294,ART-000294,HF_PRIVATE_BUCKET,hf://buckets/Mystery-pryer/opinrank-dubai-hotels-bucket/dubai_subset/are_dubai_le_meridien_residence_deira,true,true,2026-09-23,
LOC-000295,ART-000295,HF_PRIVATE_BUCKET,hf://buckets/Mystery-pryer/opinrank-dubai-hotels-bucket/dubai_subset/are_dubai_le_royal_meridien_beach_resort_spa,true,true,2026-09-23,
LOC-000296,ART-000296,HF_PRIVATE_BUCKET,hf://buckets/Mystery-pryer/opinrank-dubai-hotels-bucket/dubai_subset/are_dubai_legacy_hotel_apartments,true,true,2026-09-23,
LOC-000297,ART-000297,HF_PRIVATE_BUCKET,hf://buckets/Mystery-pryer/opinrank-dubai-hotels-bucket/dubai_subset/are_dubai_london_crown_apartments_1,true,true,2026-09-23,
LOC-000298,ART-000298,HF_PRIVATE_BUCKET,hf://buckets/Mystery-pryer/opinrank-dubai-hotels-bucket/dubai_subset/are_dubai_lords_hotel,true,true,2026-09-23,
LOC-000299,ART-000299,HF_PRIVATE_BUCKET,hf://buckets/Mystery-pryer/opinrank-dubai-hotels-bucket/dubai_subset/are_dubai_lotus_boutique_hotel,true,true,2026-09-23,
LOC-000300,ART-000300,HF_PRIVATE_BUCKET,hf://buckets/Mystery-pryer/opinrank-dubai-hotels-bucket/dubai_subset/are_dubai_lotus_hotel_dubai,true,true,2026-09-23,
LOC-000301,ART-000301,HF_PRIVATE_BUCKET,hf://buckets/Mystery-pryer/opinrank-dubai-hotels-bucket/dubai_subset/are_dubai_majestic_hotel,true,true,2026-09-23,
LOC-000302,ART-000302,HF_PRIVATE_BUCKET,hf://buckets/Mystery-pryer/opinrank-dubai-hotels-bucket/dubai_subset/are_dubai_marco_polo_hotel,true,true,2026-09-23,
LOC-000303,ART-000303,HF_PRIVATE_BUCKET,hf://buckets/Mystery-pryer/opinrank-dubai-hotels-bucket/dubai_subset/are_dubai_marriott_executive_apartments_dubai_creek,true,true,2026-09-23,
LOC-000304,ART-000304,HF_PRIVATE_BUCKET,hf://buckets/Mystery-pryer/opinrank-dubai-hotels-bucket/dubai_subset/are_dubai_mayfair_hotel,true,true,2026-09-23,
LOC-000305,ART-000305,HF_PRIVATE_BUCKET,hf://buckets/Mystery-pryer/opinrank-dubai-hotels-bucket/dubai_subset/are_dubai_media_one_hotel_dubai,true,true,2026-09-23,
LOC-000306,ART-000306,HF_PRIVATE_BUCKET,hf://buckets/Mystery-pryer/opinrank-dubai-hotels-bucket/dubai_subset/are_dubai_media_rotana_barsha_dubai,true,true,2026-09-23,
LOC-000307,ART-000307,HF_PRIVATE_BUCKET,hf://buckets/Mystery-pryer/opinrank-dubai-hotels-bucket/dubai_subset/are_dubai_metropolitan_hotel_deira,true,true,2026-09-23,
LOC-000308,ART-000308,HF_PRIVATE_BUCKET,hf://buckets/Mystery-pryer/opinrank-dubai-hotels-bucket/dubai_subset/are_dubai_metropolitan_hotel_dubai,true,true,2026-09-23,
LOC-000309,ART-000309,HF_PRIVATE_BUCKET,hf://buckets/Mystery-pryer/opinrank-dubai-hotels-bucket/dubai_subset/are_dubai_metropolitan_palace_hotel,true,true,2026-09-23,
LOC-000310,ART-000310,HF_PRIVATE_BUCKET,hf://buckets/Mystery-pryer/opinrank-dubai-hotels-bucket/dubai_subset/are_dubai_millennium_airport_hotel_dubai,true,true,2026-09-23,
LOC-000311,ART-000311,HF_PRIVATE_BUCKET,hf://buckets/Mystery-pryer/opinrank-dubai-hotels-bucket/dubai_subset/are_dubai_mina_a_salam_at_madinat_jumeirah,true,true,2026-09-23,
LOC-000312,ART-000312,HF_PRIVATE_BUCKET,hf://buckets/Mystery-pryer/opinrank-dubai-hotels-bucket/dubai_subset/are_dubai_minc_hotel_apartments_tecom,true,true,2026-09-23,
LOC-000313,ART-000313,HF_PRIVATE_BUCKET,hf://buckets/Mystery-pryer/opinrank-dubai-hotels-bucket/dubai_subset/are_dubai_moevenpick_hotel_bur_dubai,true,true,2026-09-23,
LOC-000314,ART-000314,HF_PRIVATE_BUCKET,hf://buckets/Mystery-pryer/opinrank-dubai-hotels-bucket/dubai_subset/are_dubai_montreal_hotel,true,true,2026-09-23,
LOC-000315,ART-000315,HF_PRIVATE_BUCKET,hf://buckets/Mystery-pryer/opinrank-dubai-hotels-bucket/dubai_subset/are_dubai_moscow_hotel,true,true,2026-09-23,
LOC-000316,ART-000316,HF_PRIVATE_BUCKET,hf://buckets/Mystery-pryer/opinrank-dubai-hotels-bucket/dubai_subset/are_dubai_najd_hotel_apartments,true,true,2026-09-23,
LOC-000317,ART-000317,HF_PRIVATE_BUCKET,hf://buckets/Mystery-pryer/opinrank-dubai-hotels-bucket/dubai_subset/are_dubai_new_penninsula_hotel,true,true,2026-09-23,
LOC-000318,ART-000318,HF_PRIVATE_BUCKET,hf://buckets/Mystery-pryer/opinrank-dubai-hotels-bucket/dubai_subset/are_dubai_nihal_hotel,true,true,2026-09-23,
LOC-000319,ART-000319,HF_PRIVATE_BUCKET,hf://buckets/Mystery-pryer/opinrank-dubai-hotels-bucket/dubai_subset/are_dubai_novotel_deira_city_centre,true,true,2026-09-23,
LOC-000320,ART-000320,HF_PRIVATE_BUCKET,hf://buckets/Mystery-pryer/opinrank-dubai-hotels-bucket/dubai_subset/are_dubai_novotel_world_trade_centre_dubai,true,true,2026-09-23,
LOC-000321,ART-000321,HF_PRIVATE_BUCKET,hf://buckets/Mystery-pryer/opinrank-dubai-hotels-bucket/dubai_subset/are_dubai_number_one_tower_suites,true,true,2026-09-23,
LOC-000322,ART-000322,HF_PRIVATE_BUCKET,hf://buckets/Mystery-pryer/opinrank-dubai-hotels-bucket/dubai_subset/are_dubai_oaks_liwa_heights,true,true,2026-09-23,
LOC-000323,ART-000323,HF_PRIVATE_BUCKET,hf://buckets/Mystery-pryer/opinrank-dubai-hotels-bucket/dubai_subset/are_dubai_oasis_beach_tower_apartments,true,true,2026-09-23,
LOC-000324,ART-000324,HF_PRIVATE_BUCKET,hf://buckets/Mystery-pryer/opinrank-dubai-hotels-bucket/dubai_subset/are_dubai_one_only_royal_mirage,true,true,2026-09-23,
LOC-000325,ART-000325,HF_PRIVATE_BUCKET,hf://buckets/Mystery-pryer/opinrank-dubai-hotels-bucket/dubai_subset/are_dubai_orchid_hotel,true,true,2026-09-23,
LOC-000326,ART-000326,HF_PRIVATE_BUCKET,hf://buckets/Mystery-pryer/opinrank-dubai-hotels-bucket/dubai_subset/are_dubai_pacific_hotel,true,true,2026-09-23,
LOC-000327,ART-000327,HF_PRIVATE_BUCKET,hf://buckets/Mystery-pryer/opinrank-dubai-hotels-bucket/dubai_subset/are_dubai_palm_beach_rotana_inn,true,true,2026-09-23,
LOC-000328,ART-000328,HF_PRIVATE_BUCKET,hf://buckets/Mystery-pryer/opinrank-dubai-hotels-bucket/dubai_subset/are_dubai_panorama_deira,true,true,2026-09-23,
LOC-000329,ART-000329,HF_PRIVATE_BUCKET,hf://buckets/Mystery-pryer/opinrank-dubai-hotels-bucket/dubai_subset/are_dubai_panorama_hotel_bur_dubai,true,true,2026-09-23,
LOC-000330,ART-000330,HF_PRIVATE_BUCKET,hf://buckets/Mystery-pryer/opinrank-dubai-hotels-bucket/dubai_subset/are_dubai_park_hyatt_dubai,true,true,2026-09-23,
LOC-000331,ART-000331,HF_PRIVATE_BUCKET,hf://buckets/Mystery-pryer/opinrank-dubai-hotels-bucket/dubai_subset/are_dubai_pearl_residence,true,true,2026-09-23,
LOC-000332,ART-000332,HF_PRIVATE_BUCKET,hf://buckets/Mystery-pryer/opinrank-dubai-hotels-bucket/dubai_subset/are_dubai_premier_inn,true,true,2026-09-23,
LOC-000333,ART-000333,HF_PRIVATE_BUCKET,hf://buckets/Mystery-pryer/opinrank-dubai-hotels-bucket/dubai_subset/are_dubai_qamardeen_hotel,true,true,2026-09-23,
LOC-000334,ART-000334,HF_PRIVATE_BUCKET,hf://buckets/Mystery-pryer/opinrank-dubai-hotels-bucket/dubai_subset/are_dubai_queens_hotel,true,true,2026-09-23,
LOC-000335,ART-000335,HF_PRIVATE_BUCKET,hf://buckets/Mystery-pryer/opinrank-dubai-hotels-bucket/dubai_subset/are_dubai_radisson_blu_hotel_dubai_deira_creek,true,true,2026-09-23,
LOC-000336,ART-000336,HF_PRIVATE_BUCKET,hf://buckets/Mystery-pryer/opinrank-dubai-hotels-bucket/dubai_subset/are_dubai_radisson_blu_hotel_dubai_media_city,true,true,2026-09-23,
LOC-000337,ART-000337,HF_PRIVATE_BUCKET,hf://buckets/Mystery-pryer/opinrank-dubai-hotels-bucket/dubai_subset/are_dubai_radisson_blu_residence_dubai_marina,true,true,2026-09-23,
LOC-000338,ART-000338,HF_PRIVATE_BUCKET,hf://buckets/Mystery-pryer/opinrank-dubai-hotels-bucket/dubai_subset/are_dubai_raffles_dubai,true,true,2026-09-23,
LOC-000339,ART-000339,HF_PRIVATE_BUCKET,hf://buckets/Mystery-pryer/opinrank-dubai-hotels-bucket/dubai_subset/are_dubai_ramada_continental_hotel,true,true,2026-09-23,
LOC-000340,ART-000340,HF_PRIVATE_BUCKET,hf://buckets/Mystery-pryer/opinrank-dubai-hotels-bucket/dubai_subset/are_dubai_ramada_dubai,true,true,2026-09-23,
LOC-000341,ART-000341,HF_PRIVATE_BUCKET,hf://buckets/Mystery-pryer/opinrank-dubai-hotels-bucket/dubai_subset/are_dubai_ramee_apartment_hotel,true,true,2026-09-23,
LOC-000342,ART-000342,HF_PRIVATE_BUCKET,hf://buckets/Mystery-pryer/opinrank-dubai-hotels-bucket/dubai_subset/are_dubai_ramee_guestline_hotel,true,true,2026-09-23,
LOC-000343,ART-000343,HF_PRIVATE_BUCKET,hf://buckets/Mystery-pryer/opinrank-dubai-hotels-bucket/dubai_subset/are_dubai_ramee_guestline_hotel_apartment_3,true,true,2026-09-23,
LOC-000344,ART-000344,HF_PRIVATE_BUCKET,hf://buckets/Mystery-pryer/opinrank-dubai-hotels-bucket/dubai_subset/are_dubai_ramee_guestline_hotel_apartments_ii,true,true,2026-09-23,
LOC-000345,ART-000345,HF_PRIVATE_BUCKET,hf://buckets/Mystery-pryer/opinrank-dubai-hotels-bucket/dubai_subset/are_dubai_regal_plaza_dubai,true,true,2026-09-23,
LOC-000346,ART-000346,HF_PRIVATE_BUCKET,hf://buckets/Mystery-pryer/opinrank-dubai-hotels-bucket/dubai_subset/are_dubai_regent_beach_resort,true,true,2026-09-23,
LOC-000347,ART-000347,HF_PRIVATE_BUCKET,hf://buckets/Mystery-pryer/opinrank-dubai-hotels-bucket/dubai_subset/are_dubai_regent_palace_hotel,true,true,2026-09-23,
LOC-000348,ART-000348,HF_PRIVATE_BUCKET,hf://buckets/Mystery-pryer/opinrank-dubai-hotels-bucket/dubai_subset/are_dubai_renaissance_dubai_hotel,true,true,2026-09-23,
LOC-000349,ART-000349,HF_PRIVATE_BUCKET,hf://buckets/Mystery-pryer/opinrank-dubai-hotels-bucket/dubai_subset/are_dubai_residence_and_spa_at_one_and_only_royal_mirage,true,true,2026-09-23,
LOC-000350,ART-000350,HF_PRIVATE_BUCKET,hf://buckets/Mystery-pryer/opinrank-dubai-hotels-bucket/dubai_subset/are_dubai_richmond_hotel_apartments,true,true,2026-09-23,
LOC-000351,ART-000351,HF_PRIVATE_BUCKET,hf://buckets/Mystery-pryer/opinrank-dubai-hotels-bucket/dubai_subset/are_dubai_rihab_rotana_dubai,true,true,2026-09-23,
LOC-000352,ART-000352,HF_PRIVATE_BUCKET,hf://buckets/Mystery-pryer/opinrank-dubai-hotels-bucket/dubai_subset/are_dubai_rimal_rotana_dubai,true,true,2026-09-23,
LOC-000353,ART-000353,HF_PRIVATE_BUCKET,hf://buckets/Mystery-pryer/opinrank-dubai-hotels-bucket/dubai_subset/are_dubai_riviera_hotel,true,true,2026-09-23,
LOC-000354,ART-000354,HF_PRIVATE_BUCKET,hf://buckets/Mystery-pryer/opinrank-dubai-hotels-bucket/dubai_subset/are_dubai_rolla_residence,true,true,2026-09-23,
LOC-000355,ART-000355,HF_PRIVATE_BUCKET,hf://buckets/Mystery-pryer/opinrank-dubai-hotels-bucket/dubai_subset/are_dubai_rose_garden_hotel_apartments,true,true,2026-09-23,
LOC-000356,ART-000356,HF_PRIVATE_BUCKET,hf://buckets/Mystery-pryer/opinrank-dubai-hotels-bucket/dubai_subset/are_dubai_royal_ascot_hotel,true,true,2026-09-23,
LOC-000357,ART-000357,HF_PRIVATE_BUCKET,hf://buckets/Mystery-pryer/opinrank-dubai-hotels-bucket/dubai_subset/are_dubai_royal_beach_hotel_resort,true,true,2026-09-23,
LOC-000358,ART-000358,HF_PRIVATE_BUCKET,hf://buckets/Mystery-pryer/opinrank-dubai-hotels-bucket/dubai_subset/are_dubai_rydges_plaza_dubai,true,true,2026-09-23,
LOC-000359,ART-000359,HF_PRIVATE_BUCKET,hf://buckets/Mystery-pryer/opinrank-dubai-hotels-bucket/dubai_subset/are_dubai_samaya_hotel_deira,true,true,2026-09-23,
LOC-000360,ART-000360,HF_PRIVATE_BUCKET,hf://buckets/Mystery-pryer/opinrank-dubai-hotels-bucket/dubai_subset/are_dubai_san_marco_hotel,true,true,2026-09-23,
LOC-000361,ART-000361,HF_PRIVATE_BUCKET,hf://buckets/Mystery-pryer/opinrank-dubai-hotels-bucket/dubai_subset/are_dubai_sapphire_hotel_apartments,true,true,2026-09-23,
LOC-000362,ART-000362,HF_PRIVATE_BUCKET,hf://buckets/Mystery-pryer/opinrank-dubai-hotels-bucket/dubai_subset/are_dubai_savoy_crest_exclusive_hotel_apartments,true,true,2026-09-23,
LOC-000363,ART-000363,HF_PRIVATE_BUCKET,hf://buckets/Mystery-pryer/opinrank-dubai-hotels-bucket/dubai_subset/are_dubai_savoy_park_apartments,true,true,2026-09-23,
LOC-000364,ART-000364,HF_PRIVATE_BUCKET,hf://buckets/Mystery-pryer/opinrank-dubai-hotels-bucket/dubai_subset/are_dubai_savoy_suites,true,true,2026-09-23,
LOC-000365,ART-000365,HF_PRIVATE_BUCKET,hf://buckets/Mystery-pryer/opinrank-dubai-hotels-bucket/dubai_subset/are_dubai_seashell_inn,true,true,2026-09-23,
LOC-000366,ART-000366,HF_PRIVATE_BUCKET,hf://buckets/Mystery-pryer/opinrank-dubai-hotels-bucket/dubai_subset/are_dubai_seaview_hotel,true,true,2026-09-23,
LOC-000367,ART-000367,HF_PRIVATE_BUCKET,hf://buckets/Mystery-pryer/opinrank-dubai-hotels-bucket/dubai_subset/are_dubai_seven_sands_hotel_apartments,true,true,2026-09-23,
LOC-000368,ART-000368,HF_PRIVATE_BUCKET,hf://buckets/Mystery-pryer/opinrank-dubai-hotels-bucket/dubai_subset/are_dubai_shalimar_park_hotel,true,true,2026-09-23,
LOC-000369,ART-000369,HF_PRIVATE_BUCKET,hf://buckets/Mystery-pryer/opinrank-dubai-hotels-bucket/dubai_subset/are_dubai_shangri_la_hotel,true,true,2026-09-23,
LOC-000370,ART-000370,HF_PRIVATE_BUCKET,hf://buckets/Mystery-pryer/opinrank-dubai-hotels-bucket/dubai_subset/are_dubai_sheraton_deira_hotel,true,true,2026-09-23,
LOC-000371,ART-000371,HF_PRIVATE_BUCKET,hf://buckets/Mystery-pryer/opinrank-dubai-hotels-bucket/dubai_subset/are_dubai_sheraton_dubai_creek_hotel_and_towers,true,true,2026-09-23,
LOC-000372,ART-000372,HF_PRIVATE_BUCKET,hf://buckets/Mystery-pryer/opinrank-dubai-hotels-bucket/dubai_subset/are_dubai_sheraton_jumeirah_beach_resort_towers,true,true,2026-09-23,
LOC-000373,ART-000373,HF_PRIVATE_BUCKET,hf://buckets/Mystery-pryer/opinrank-dubai-hotels-bucket/dubai_subset/are_dubai_sofitel_city_centre_hotel_dubai,true,true,2026-09-23,
LOC-000374,ART-000374,HF_PRIVATE_BUCKET,hf://buckets/Mystery-pryer/opinrank-dubai-hotels-bucket/dubai_subset/are_dubai_st_george_hotel_dubai,true,true,2026-09-23,
LOC-000375,ART-000375,HF_PRIVATE_BUCKET,hf://buckets/Mystery-pryer/opinrank-dubai-hotels-bucket/dubai_subset/are_dubai_star_boutique_hotel_apartment,true,true,2026-09-23,
LOC-000376,ART-000376,HF_PRIVATE_BUCKET,hf://buckets/Mystery-pryer/opinrank-dubai-hotels-bucket/dubai_subset/are_dubai_star_boutique_hotel_apartments,true,true,2026-09-23,
LOC-000377,ART-000377,HF_PRIVATE_BUCKET,hf://buckets/Mystery-pryer/opinrank-dubai-hotels-bucket/dubai_subset/are_dubai_star_metro_al_barsha,true,true,2026-09-23,
LOC-000378,ART-000378,HF_PRIVATE_BUCKET,hf://buckets/Mystery-pryer/opinrank-dubai-hotels-bucket/dubai_subset/are_dubai_starmetro_deira_hotel_apartments,true,true,2026-09-23,
LOC-000379,ART-000379,HF_PRIVATE_BUCKET,hf://buckets/Mystery-pryer/opinrank-dubai-hotels-bucket/dubai_subset/are_dubai_suitehotel_mall_of_the_emirates,true,true,2026-09-23,
LOC-000380,ART-000380,HF_PRIVATE_BUCKET,hf://buckets/Mystery-pryer/opinrank-dubai-hotels-bucket/dubai_subset/are_dubai_sun_sands_hotel,true,true,2026-09-23,
LOC-000381,ART-000381,HF_PRIVATE_BUCKET,hf://buckets/Mystery-pryer/opinrank-dubai-hotels-bucket/dubai_subset/are_dubai_symphony_hotel_apartments,true,true,2026-09-23,
LOC-000382,ART-000382,HF_PRIVATE_BUCKET,hf://buckets/Mystery-pryer/opinrank-dubai-hotels-bucket/dubai_subset/are_dubai_taj_palace_hotel,true,true,2026-09-23,
LOC-000383,ART-000383,HF_PRIVATE_BUCKET,hf://buckets/Mystery-pryer/opinrank-dubai-hotels-bucket/dubai_subset/are_dubai_tamani_hotel_marina,true,true,2026-09-23,
LOC-000384,ART-000384,HF_PRIVATE_BUCKET,hf://buckets/Mystery-pryer/opinrank-dubai-hotels-bucket/dubai_subset/are_dubai_the_address_downtown_burj_dubai,true,true,2026-09-23,
LOC-000385,ART-000385,HF_PRIVATE_BUCKET,hf://buckets/Mystery-pryer/opinrank-dubai-hotels-bucket/dubai_subset/are_dubai_the_baron_hotel_apartments,true,true,2026-09-23,
LOC-000386,ART-000386,HF_PRIVATE_BUCKET,hf://buckets/Mystery-pryer/opinrank-dubai-hotels-bucket/dubai_subset/are_dubai_the_carlton_tower_hotel,true,true,2026-09-23,
LOC-000387,ART-000387,HF_PRIVATE_BUCKET,hf://buckets/Mystery-pryer/opinrank-dubai-hotels-bucket/dubai_subset/are_dubai_the_country_club_hotel_dubai,true,true,2026-09-23,
LOC-000388,ART-000388,HF_PRIVATE_BUCKET,hf://buckets/Mystery-pryer/opinrank-dubai-hotels-bucket/dubai_subset/are_dubai_the_fairmont_dubai,true,true,2026-09-23,
LOC-000389,ART-000389,HF_PRIVATE_BUCKET,hf://buckets/Mystery-pryer/opinrank-dubai-hotels-bucket/dubai_subset/are_dubai_the_monarch_dubai,true,true,2026-09-23,
LOC-000390,ART-000390,HF_PRIVATE_BUCKET,hf://buckets/Mystery-pryer/opinrank-dubai-hotels-bucket/dubai_subset/are_dubai_the_palace_at_one_only_royal_mirage,true,true,2026-09-23,
LOC-000391,ART-000391,HF_PRIVATE_BUCKET,hf://buckets/Mystery-pryer/opinrank-dubai-hotels-bucket/dubai_subset/are_dubai_the_palace_the_old_town,true,true,2026-09-23,
LOC-000392,ART-000392,HF_PRIVATE_BUCKET,hf://buckets/Mystery-pryer/opinrank-dubai-hotels-bucket/dubai_subset/are_dubai_the_place_deluxe_hotel_apartments,true,true,2026-09-23,
LOC-000393,ART-000393,HF_PRIVATE_BUCKET,hf://buckets/Mystery-pryer/opinrank-dubai-hotels-bucket/dubai_subset/are_dubai_the_ritz_carlton_dubai,true,true,2026-09-23,
LOC-000394,ART-000394,HF_PRIVATE_BUCKET,hf://buckets/Mystery-pryer/opinrank-dubai-hotels-bucket/dubai_subset/are_dubai_towers_rotana_dubai,true,true,2026-09-23,
LOC-000395,ART-000395,HF_PRIVATE_BUCKET,hf://buckets/Mystery-pryer/opinrank-dubai-hotels-bucket/dubai_subset/are_dubai_traders_hotel_dubai,true,true,2026-09-23,
LOC-000396,ART-000396,HF_PRIVATE_BUCKET,hf://buckets/Mystery-pryer/opinrank-dubai-hotels-bucket/dubai_subset/are_dubai_tulip_inn_fz_llc,true,true,2026-09-23,
LOC-000397,ART-000397,HF_PRIVATE_BUCKET,hf://buckets/Mystery-pryer/opinrank-dubai-hotels-bucket/dubai_subset/are_dubai_vendome_plaza_hotel,true,true,2026-09-23,
LOC-000398,ART-000398,HF_PRIVATE_BUCKET,hf://buckets/Mystery-pryer/opinrank-dubai-hotels-bucket/dubai_subset/are_dubai_versailles_hotel,true,true,2026-09-23,
LOC-000399,ART-000399,HF_PRIVATE_BUCKET,hf://buckets/Mystery-pryer/opinrank-dubai-hotels-bucket/dubai_subset/are_dubai_villa_rotana_dubai,true,true,2026-09-23,
LOC-000400,ART-000400,HF_PRIVATE_BUCKET,hf://buckets/Mystery-pryer/opinrank-dubai-hotels-bucket/dubai_subset/are_dubai_westin_dubai_mina_seyahi_beach_resort_marina,true,true,2026-09-23,
LOC-000401,ART-000401,HF_PRIVATE_BUCKET,hf://buckets/Mystery-pryer/opinrank-dubai-hotels-bucket/dubai_subset/are_dubai_xclusive_hotel_apartments,true,true,2026-09-23,
LOC-000402,ART-000402,HF_PRIVATE_BUCKET,hf://buckets/Mystery-pryer/opinrank-dubai-hotels-bucket/dubai_subset/are_dubai_york_international_hotel,true,true,2026-09-23,
LOC-000403,ART-000403,HF_PRIVATE_BUCKET,hf://buckets/Mystery-pryer/opinrank-dubai-hotels-bucket/dubai_subset/are_dubai_zagy_arabian_suites,true,true,2026-09-23,
LOC-000404,ART-000404,HF_PRIVATE_BUCKET,hf://buckets/Mystery-pryer/opinrank-dubai-hotels-bucket/dubai_subset/dubai.csv,true,true,2026-09-23,
LOC-000405,ART-000405,HF_PRIVATE_BUCKET,hf://buckets/Mystery-pryer/opinrank-dubai-hotels-bucket/opinrank_all.zip,true,true,2026-09-23,
LOC-000406,ART-000406,HF_PRIVATE_BUCKET,hf://buckets/Mystery-pryer/uae-synthetic-domain-conversations-bucket/SOURCE_INFO.txt,true,true,2026-09-23,
LOC-000407,ART-000407,HF_PRIVATE_BUCKET,hf://buckets/Mystery-pryer/uae-synthetic-domain-conversations-bucket/source/README.md,true,true,2026-09-23,
LOC-000408,ART-000408,HF_PRIVATE_BUCKET,hf://buckets/Mystery-pryer/uae-synthetic-domain-conversations-bucket/source/all_shuffled.jsonl,true,true,2026-09-23,
LOC-000409,ART-000409,HF_PRIVATE_BUCKET,hf://buckets/Mystery-pryer/uae-banking-rulebook-qa-bucket/SOURCE_INFO.txt,true,true,2026-09-23,
LOC-000410,ART-000410,HF_PRIVATE_BUCKET,hf://buckets/Mystery-pryer/uae-banking-rulebook-qa-bucket/source/README.md,true,true,2026-09-23,
LOC-000411,ART-000411,HF_PRIVATE_BUCKET,hf://buckets/Mystery-pryer/uae-banking-rulebook-qa-bucket/source/data/train-00000-of-00001.parquet,true,true,2026-09-23,
LOC-000412,ART-000412,HF_PRIVATE_BUCKET,hf://buckets/Mystery-pryer/aracust-saudi-telecom-bucket/SOURCE_INFO.txt,true,true,2026-09-23,
LOC-000413,ART-000413,HF_PRIVATE_BUCKET,hf://buckets/Mystery-pryer/aracust-saudi-telecom-bucket/peerj-cs-07-510-s002.xlsx,true,true,2026-09-23,
LOC-000414,ART-000414,HF_PRIVATE_BUCKET,hf://buckets/Mystery-pryer/saudi-mgov-reviews-bucket/SOURCE_INFO.txt,true,true,2026-09-23,
LOC-000415,ART-000415,HF_PRIVATE_BUCKET,hf://buckets/Mystery-pryer/saudi-mgov-reviews-bucket/balanced 1-5 Arabic dataset.csv,true,true,2026-09-23,
LOC-000416,ART-000416,HF_PRIVATE_BUCKET,hf://buckets/Mystery-pryer/saudi-mgov-reviews-bucket/balanced 1-5 english dataset.csv,true,true,2026-09-23,
LOC-000417,ART-000417,HF_PRIVATE_BUCKET,hf://buckets/Mystery-pryer/saudi-mgov-reviews-bucket/m-government apps Arabic reviews .csv,true,true,2026-09-23,
LOC-000418,ART-000418,HF_PRIVATE_BUCKET,hf://buckets/Mystery-pryer/saudi-mgov-reviews-bucket/m-government apps English reviews .csv,true,true,2026-09-23,
LOC-000419,ART-000419,HF_PRIVATE_BUCKET,hf://buckets/Mystery-pryer/saudi-banking-app-reviews-bucket/Bank reviews.csv,true,true,2026-09-23,
LOC-000420,ART-000420,HF_PRIVATE_BUCKET,hf://buckets/Mystery-pryer/saudi-banking-app-reviews-bucket/SOURCE_INFO.txt,true,true,2026-09-23,
LOC-000421,ART-000421,HF_PRIVATE_BUCKET,hf://buckets/Mystery-pryer/talabat-arabic-reviews-bucket/SOURCE_INFO.txt,true,true,2026-09-23,
LOC-000422,ART-000422,HF_PRIVATE_BUCKET,hf://buckets/Mystery-pryer/talabat-arabic-reviews-bucket/talabat_dataset.xlsx,true,true,2026-09-23,
LOC-000423,ART-000423,HF_PRIVATE_BUCKET,hf://buckets/Mystery-pryer/glare-saudi-app-reviews-bucket/GLARE.pdf,true,true,2026-09-23,
LOC-000424,ART-000424,HF_PRIVATE_BUCKET,hf://buckets/Mystery-pryer/glare-saudi-app-reviews-bucket/SOURCE_INFO.txt,true,true,2026-09-23,
LOC-000425,ART-000425,HF_PRIVATE_BUCKET,hf://buckets/Mystery-pryer/glare-saudi-app-reviews-bucket/engineered.zip,true,true,2026-09-23,
LOC-000426,ART-000426,HF_PRIVATE_BUCKET,hf://buckets/Mystery-pryer/glare-saudi-app-reviews-bucket/raw.zip,true,true,2026-09-23,
LOC-000427,ART-000427,HF_PRIVATE_BUCKET,hf://buckets/Mystery-pryer/arbanking77-full-bucket/Banking77_full_corpus.csv,true,true,2026-09-23,
LOC-000428,ART-000428,HF_PRIVATE_BUCKET,hf://buckets/Mystery-pryer/arbanking77-full-bucket/Banking77_intents.csv,true,true,2026-09-23,
LOC-000429,ART-000429,HF_PRIVATE_BUCKET,hf://buckets/Mystery-pryer/arbanking77-full-bucket/LICENSE,true,true,2026-09-23,
LOC-000430,ART-000430,HF_PRIVATE_BUCKET,hf://buckets/Mystery-pryer/arbanking77-full-bucket/README.md,true,true,2026-09-23,
LOC-000431,ART-000431,HF_PRIVATE_BUCKET,hf://buckets/Mystery-pryer/arbanking77-full-bucket/SOURCE_INFO.txt,true,true,2026-09-23,
LOC-000432,ART-000432,HF_PRIVATE_BUCKET,hf://buckets/Mystery-pryer/saudi-mobile-banking-ux-bucket/SOURCE_INFO.txt,true,true,2026-09-23,
LOC-000433,ART-000433,HF_PRIVATE_BUCKET,hf://buckets/Mystery-pryer/saudi-mobile-banking-ux-bucket/User experience in Saudi mobile banking_ A comparative sentiment analysis of iOS and Android applications.zip,true,true,2026-09-23,
LOC-000434,ART-000434,HF_PRIVATE_BUCKET,hf://buckets/Mystery-pryer/saudi-cs-eou-small-bucket/SOURCE_INFO.txt,true,true,2026-09-23,
LOC-000435,ART-000435,HF_PRIVATE_BUCKET,hf://buckets/Mystery-pryer/saudi-cs-eou-small-bucket/source/README.md,true,true,2026-09-23,
LOC-000436,ART-000436,HF_PRIVATE_BUCKET,hf://buckets/Mystery-pryer/saudi-cs-eou-small-bucket/source/data/Final_data_shuffled.csv,true,true,2026-09-23,
LOC-000437,ART-000437,HF_PRIVATE_BUCKET,hf://buckets/Mystery-pryer/aura-app-reviews-bucket/SOURCE_INFO.txt,true,true,2026-09-23,
LOC-000438,ART-000438,HF_PRIVATE_BUCKET,hf://buckets/Mystery-pryer/aura-app-reviews-bucket/classification/AURA-Classification-V2.csv,true,true,2026-09-23,
LOC-000439,ART-000439,HF_PRIVATE_BUCKET,hf://buckets/Mystery-pryer/aura-app-reviews-bucket/classification/README.md,true,true,2026-09-23,
LOC-000440,ART-000440,HF_PRIVATE_BUCKET,hf://buckets/Mystery-pryer/aura-app-reviews-bucket/classification/data/train-00000-of-00001.parquet,true,true,2026-09-23,
LOC-000441,ART-000441,HF_PRIVATE_BUCKET,hf://buckets/Mystery-pryer/aura-app-reviews-bucket/multi_label/README.md,true,true,2026-09-23,
LOC-000442,ART-000442,HF_PRIVATE_BUCKET,hf://buckets/Mystery-pryer/aura-app-reviews-bucket/multi_label/train.csv,true,true,2026-09-23,
LOC-000443,ART-000443,HF_PRIVATE_BUCKET,hf://buckets/Mystery-pryer/aura-app-reviews-bucket/sentiment/README.md,true,true,2026-09-23,
LOC-000444,ART-000444,HF_PRIVATE_BUCKET,hf://buckets/Mystery-pryer/aura-app-reviews-bucket/sentiment/data/train-00000-of-00001.parquet,true,true,2026-09-23,
LOC-000445,ART-000445,HF_PRIVATE_BUCKET,hf://buckets/Mystery-pryer/kudu-reviews-bucket/SOURCE_INFO.txt,true,true,2026-09-23,
LOC-000446,ART-000446,HF_PRIVATE_BUCKET,hf://buckets/Mystery-pryer/kudu-reviews-bucket/source/README.md,true,true,2026-09-23,
LOC-000447,ART-000447,HF_PRIVATE_BUCKET,hf://buckets/Mystery-pryer/kudu-reviews-bucket/source/kudu_reviews_cleaned.parquet,true,true,2026-09-23,
LOC-000448,ART-000448,HF_PRIVATE_BUCKET,hf://buckets/Mystery-pryer/absa-hotels-gcc-bucket/LICENSE,true,true,2026-09-23,
LOC-000449,ART-000449,HF_PRIVATE_BUCKET,hf://buckets/Mystery-pryer/absa-hotels-gcc-bucket/README.md,true,true,2026-09-23,
LOC-000450,ART-000450,HF_PRIVATE_BUCKET,hf://buckets/Mystery-pryer/absa-hotels-gcc-bucket/SOURCE_INFO.txt,true,true,2026-09-23,
LOC-000451,ART-000451,HF_PRIVATE_BUCKET,hf://buckets/Mystery-pryer/absa-hotels-gcc-bucket/SemEval2016_arabic.zip,true,true,2026-09-23,
LOC-000452,ART-000452,HF_PRIVATE_BUCKET,hf://buckets/Mystery-pryer/riyadh-cafe-absa-bucket/SOURCE_INFO.txt,true,true,2026-09-23,
LOC-000453,ART-000453,HF_PRIVATE_BUCKET,hf://buckets/Mystery-pryer/riyadh-cafe-absa-bucket/cleaned01_fixed.xlsx,true,true,2026-09-23,
LOC-000454,ART-000454,HF_PRIVATE_BUCKET,hf://buckets/Mystery-pryer/saudi-tourism-reviews-bucket/SOURCE_INFO.txt,true,true,2026-09-23,
LOC-000455,ART-000455,HF_PRIVATE_BUCKET,hf://buckets/Mystery-pryer/saudi-tourism-reviews-bucket/absa_3543/README.md,true,true,2026-09-23,
LOC-000456,ART-000456,HF_PRIVATE_BUCKET,hf://buckets/Mystery-pryer/saudi-tourism-reviews-bucket/absa_3543/golden_data_set_processed_google_reviews.xlsx,true,true,2026-09-23,
LOC-000457,ART-000457,HF_PRIVATE_BUCKET,hf://buckets/Mystery-pryer/saudi-tourism-reviews-bucket/sentiment_3894/LICENSE,true,true,2026-09-23,
LOC-000458,ART-000458,HF_PRIVATE_BUCKET,hf://buckets/Mystery-pryer/saudi-tourism-reviews-bucket/sentiment_3894/Saudi_Tourism_Reviews_Sentiment_Dataset.csv,true,true,2026-09-23,
LOC-000459,ART-000459,HF_PRIVATE_BUCKET,hf://buckets/Mystery-pryer/arb-appsreview-saudi-gov-bucket/SOURCE_INFO.txt,true,true,2026-09-23,
LOC-000460,ART-000460,HF_PRIVATE_BUCKET,hf://buckets/Mystery-pryer/arb-appsreview-saudi-gov-bucket/UPSTREAM_README.md,true,true,2026-09-23,
LOC-000461,ART-000461,HF_PRIVATE_BUCKET,hf://buckets/Mystery-pryer/arb-appsreview-saudi-gov-bucket/apps_ar_reviews_dataset.csv,true,true,2026-09-23,
LOC-000462,ART-000462,HF_PRIVATE_BUCKET,hf://buckets/Mystery-pryer/arabic-restaurant-ambience-bucket/.gitattributes,true,true,2026-09-23,
LOC-000463,ART-000463,HF_PRIVATE_BUCKET,hf://buckets/Mystery-pryer/arabic-restaurant-ambience-bucket/README.md,true,true,2026-09-23,
LOC-000464,ART-000464,HF_PRIVATE_BUCKET,hf://buckets/Mystery-pryer/arabic-restaurant-ambience-bucket/adversarial_test_set.csv,true,true,2026-09-23,
LOC-000465,ART-000465,HF_PRIVATE_BUCKET,hf://buckets/Mystery-pryer/arabic-restaurant-ambience-bucket/ambience_keywords.json,true,true,2026-09-23,
LOC-000466,ART-000466,HF_PRIVATE_BUCKET,hf://buckets/Mystery-pryer/arabic-restaurant-ambience-bucket/annotations_hard_ambience_candidates.csv,true,true,2026-09-23,
LOC-000467,ART-000467,HF_PRIVATE_BUCKET,hf://buckets/Mystery-pryer/arabic-restaurant-ambience-bucket/annotations_hard_hard_negative_candidates.csv,true,true,2026-09-23,
LOC-000468,ART-000468,HF_PRIVATE_BUCKET,hf://buckets/Mystery-pryer/arabic-restaurant-ambience-bucket/annotations_hard_review_needed.csv,true,true,2026-09-23,
LOC-000469,ART-000469,HF_PRIVATE_BUCKET,hf://buckets/Mystery-pryer/arabic-restaurant-ambience-bucket/annotations_qaym_ambience_candidates.csv,true,true,2026-09-23,
LOC-000470,ART-000470,HF_PRIVATE_BUCKET,hf://buckets/Mystery-pryer/arabic-restaurant-ambience-bucket/annotations_qaym_hard_negative_candidates.csv,true,true,2026-09-23,
LOC-000471,ART-000471,HF_PRIVATE_BUCKET,hf://buckets/Mystery-pryer/arabic-restaurant-ambience-bucket/annotations_qaym_review_needed.csv,true,true,2026-09-23,
LOC-000472,ART-000472,HF_PRIVATE_BUCKET,hf://buckets/Mystery-pryer/arabic-restaurant-ambience-bucket/boundary_examples.csv,true,true,2026-09-23,
LOC-000473,ART-000473,HF_PRIVATE_BUCKET,hf://buckets/Mystery-pryer/arabic-restaurant-ambience-bucket/complaints_labeled.csv,true,true,2026-09-23,
LOC-000474,ART-000474,HF_PRIVATE_BUCKET,hf://buckets/Mystery-pryer/arabic-restaurant-ambience-bucket/docs/BOUNDARIES.md,true,true,2026-09-23,
LOC-000475,ART-000475,HF_PRIVATE_BUCKET,hf://buckets/Mystery-pryer/arabic-restaurant-ambience-bucket/docs/DATA_SCHEMA.md,true,true,2026-09-23,
LOC-000476,ART-000476,HF_PRIVATE_BUCKET,hf://buckets/Mystery-pryer/arabic-restaurant-ambience-bucket/docs/DATA_SOURCES.md,true,true,2026-09-23,
LOC-000477,ART-000477,HF_PRIVATE_BUCKET,hf://buckets/Mystery-pryer/arabic-restaurant-ambience-bucket/docs/REPRODUCE.md,true,true,2026-09-23,
LOC-000478,ART-000478,HF_PRIVATE_BUCKET,hf://buckets/Mystery-pryer/arabic-restaurant-ambience-bucket/production_labels_only.csv,true,true,2026-09-23,
LOC-000479,ART-000479,HF_PRIVATE_BUCKET,hf://buckets/Mystery-pryer/arabic-restaurant-ambience-bucket/synthetic_contrastive_pairs.csv,true,true,2026-09-23,
LOC-000480,ART-000480,HF_PRIVATE_BUCKET,hf://buckets/Mystery-pryer/niyyah-bucket/.gitattributes,true,true,2026-09-23,
LOC-000481,ART-000481,HF_PRIVATE_BUCKET,hf://buckets/Mystery-pryer/niyyah-bucket/README.md,true,true,2026-09-23,
LOC-000482,ART-000482,HF_PRIVATE_BUCKET,hf://buckets/Mystery-pryer/niyyah-bucket/niyyah_test_split.csv,true,true,2026-09-23,
LOC-000483,ART-000483,HF_PRIVATE_BUCKET,hf://buckets/Mystery-pryer/niyyah-bucket/niyyah_train_split.csv,true,true,2026-09-23,
LOC-000484,ART-000484,HF_PRIVATE_BUCKET,hf://buckets/Mystery-pryer/niyyah-bucket/niyyah_val_split.csv,true,true,2026-09-23,
LOC-000485,ART-000485,HF_PRIVATE_BUCKET,hf://buckets/Mystery-pryer/arabic_eou_sada_dataset-bucket/.gitattributes,true,true,2026-09-23,
LOC-000486,ART-000486,HF_PRIVATE_BUCKET,hf://buckets/Mystery-pryer/arabic_eou_sada_dataset-bucket/README.md,true,true,2026-09-23,
LOC-000487,ART-000487,HF_PRIVATE_BUCKET,hf://buckets/Mystery-pryer/arabic_eou_sada_dataset-bucket/eou_dataset_clean.jsonl,true,true,2026-09-23,
LOC-000488,ART-000488,HF_PRIVATE_BUCKET,hf://buckets/Mystery-pryer/EDRAC-bucket/.gitattributes,true,true,2026-09-23,
LOC-000489,ART-000489,HF_PRIVATE_BUCKET,hf://buckets/Mystery-pryer/EDRAC-bucket/README.md,true,true,2026-09-23,
LOC-000490,ART-000490,HF_PRIVATE_BUCKET,hf://buckets/Mystery-pryer/EDRAC-bucket/assets/genres-small.png,true,true,2026-09-23,
LOC-000491,ART-000491,HF_PRIVATE_BUCKET,hf://buckets/Mystery-pryer/EDRAC-bucket/assets/genres.png,true,true,2026-09-23,
LOC-000492,ART-000492,HF_PRIVATE_BUCKET,hf://buckets/Mystery-pryer/EDRAC-bucket/assets/pipeline.png,true,true,2026-09-23,
LOC-000493,ART-000493,HF_PRIVATE_BUCKET,hf://buckets/Mystery-pryer/EDRAC-bucket/assets/results.png,true,true,2026-09-23,
LOC-000494,ART-000494,HF_PRIVATE_BUCKET,hf://buckets/Mystery-pryer/EDRAC-bucket/assets/table-final.png,true,true,2026-09-23,
LOC-000495,ART-000495,HF_PRIVATE_BUCKET,hf://buckets/Mystery-pryer/EDRAC-bucket/default/test-00000-of-00001.parquet,true,true,2026-09-23,
LOC-000496,ART-000496,GITHUB_RELEASE,legacy-github-release://Mystery-Pryer/gcc-bilingual-annotation-evaluation-lab-temp/source-uae-foundation-v1/alyah_test.parquet,false,true,2026-09-23,Legacy-repository-dependent release asset; relocate before deleting the legacy repository. Historical legacy release location; exact Foundation-controlled replacement verified at LOC-000700 (release asset 588405137); operational dependency retired.
LOC-000497,ART-000497,GITHUB_RELEASE,legacy-github-release://Mystery-Pryer/gcc-bilingual-annotation-evaluation-lab-temp/source-uae-foundation-v1/morphology_db_calima-glf-01-0.1.0.zip,false,true,2026-09-23,Legacy-repository-dependent release asset; relocate before deleting the legacy repository. Historical legacy release location; exact Foundation-controlled replacement verified at LOC-000701 (release asset 588405133); operational dependency retired.
LOC-000498,ART-000498,GITHUB_RELEASE,legacy-github-release://Mystery-Pryer/gcc-bilingual-annotation-evaluation-lab-temp/source-uae-foundation-v1/SHA256SUMS.txt,false,true,2026-09-23,Legacy-repository-dependent release asset; relocate before deleting the legacy repository. Historical legacy release location; exact Foundation-controlled replacement verified at LOC-000702 (release asset 588405134); operational dependency retired.
LOC-000499,ART-000499,GITHUB_RELEASE,legacy-github-release://Mystery-Pryer/gcc-bilingual-annotation-evaluation-lab-temp/source-uae-foundation-v1/SOURCE_INFO.txt,false,true,2026-09-23,Legacy-repository-dependent release asset; relocate before deleting the legacy repository. Historical legacy release location; exact Foundation-controlled replacement verified at LOC-000703 (release asset 588405135); operational dependency retired.
LOC-000500,ART-000500,GITHUB_RELEASE,legacy-github-release://Mystery-Pryer/gcc-bilingual-annotation-evaluation-lab-temp/source-uae-foundation-v1/unimorph_afb.args.tsv,false,true,2026-09-23,Legacy-repository-dependent release asset; relocate before deleting the legacy repository. Historical legacy release location; exact Foundation-controlled replacement verified at LOC-000704 (release asset 588405138); operational dependency retired.
LOC-000501,ART-000501,GITHUB_RELEASE,legacy-github-release://Mystery-Pryer/gcc-bilingual-annotation-evaluation-lab-temp/source-uae-foundation-v1/unimorph_afb.gloss.tsv,false,true,2026-09-23,Legacy-repository-dependent release asset; relocate before deleting the legacy repository. Historical legacy release location; operational dependency retired because exact artifact bytes are verified at LOC-000674.
LOC-000502,ART-000502,GITHUB_RELEASE,legacy-github-release://Mystery-Pryer/gcc-bilingual-annotation-evaluation-lab-temp/source-uae-foundation-v1/unimorph_afb.tsv,false,true,2026-09-23,Legacy-repository-dependent release asset; relocate before deleting the legacy repository. Historical legacy release location; exact Foundation-controlled replacement verified at LOC-000705 (release asset 588405161); operational dependency retired.
LOC-000503,ART-000503,GITHUB_RELEASE,legacy-github-release://Mystery-Pryer/gcc-bilingual-annotation-evaluation-lab-temp/source-uae-dialogue-v1/MIXAT_LICENSE.txt,false,true,2026-09-23,Legacy-repository-dependent release asset; relocate before deleting the legacy repository. Historical legacy release location; operational dependency retired because exact artifact bytes are verified at LOC-000688.
LOC-000504,ART-000504,GITHUB_RELEASE,legacy-github-release://Mystery-Pryer/gcc-bilingual-annotation-evaluation-lab-temp/source-uae-dialogue-v1/mixat_metadata_original.csv,false,true,2026-09-23,Legacy-repository-dependent release asset; relocate before deleting the legacy repository. Historical legacy release location; operational dependency retired because exact artifact bytes are verified at LOC-000690.
LOC-000505,ART-000505,GITHUB_RELEASE,legacy-github-release://Mystery-Pryer/gcc-bilingual-annotation-evaluation-lab-temp/source-uae-dialogue-v1/MIXAT_README.md,false,true,2026-09-23,Legacy-repository-dependent release asset; relocate before deleting the legacy repository. Historical legacy release location; operational dependency retired because exact artifact bytes are verified at LOC-000689.
LOC-000506,ART-000506,GITHUB_RELEASE,legacy-github-release://Mystery-Pryer/gcc-bilingual-annotation-evaluation-lab-temp/source-uae-dialogue-v1/MIXAT_TEXT_INFO.txt,false,true,2026-09-23,Legacy-repository-dependent release asset; relocate before deleting the legacy repository. Historical legacy release location; exact Foundation-controlled replacement verified at LOC-000706 (release asset 588405241); operational dependency retired.
LOC-000507,ART-000507,GITHUB_RELEASE,legacy-github-release://Mystery-Pryer/gcc-bilingual-annotation-evaluation-lab-temp/source-uae-dialogue-v1/SHA256SUMS.txt,false,true,2026-09-23,Legacy-repository-dependent release asset; relocate before deleting the legacy repository. Historical legacy release location; exact Foundation-controlled replacement verified at LOC-000707 (release asset 588405238); operational dependency retired.
LOC-000508,ART-000508,GITHUB_RELEASE,legacy-github-release://Mystery-Pryer/gcc-bilingual-annotation-evaluation-lab-temp/source-saudi-customer-service-v1/ferasmad-arabic-restaurant-annotation-assets.tar.gz,false,true,2026-09-23,Legacy-repository-dependent release asset; relocate before deleting the legacy repository. Historical legacy release location; exact Foundation-controlled replacement verified at LOC-000708 (release asset 588405309); operational dependency retired.
LOC-000509,ART-000509,GITHUB_RELEASE,legacy-github-release://Mystery-Pryer/gcc-bilingual-annotation-evaluation-lab-temp/source-saudi-customer-service-v1/saudi-arabic-cs-conversations-sample.tar.gz,false,true,2026-09-23,Legacy-repository-dependent release asset; relocate before deleting the legacy repository. Historical legacy release location; exact Foundation-controlled replacement verified at LOC-000709 (release asset 588405312); operational dependency retired.
LOC-000510,ART-000510,GITHUB_RELEASE,legacy-github-release://Mystery-Pryer/gcc-bilingual-annotation-evaluation-lab-temp/source-saudi-customer-service-v1/SHA256SUMS.txt,false,true,2026-09-23,Legacy-repository-dependent release asset; relocate before deleting the legacy repository. Historical legacy release location; exact Foundation-controlled replacement verified at LOC-000710 (release asset 588405310); operational dependency retired.
LOC-000511,ART-000511,GITHUB_RELEASE,legacy-github-release://Mystery-Pryer/gcc-bilingual-annotation-evaluation-lab-temp/source-saudi-customer-service-v1/SOURCE_INFO.txt,false,true,2026-09-23,Legacy-repository-dependent release asset; relocate before deleting the legacy repository. Historical legacy release location; exact Foundation-controlled replacement verified at LOC-000711 (release asset 588405313); operational dependency retired.
LOC-000512,ART-000512,GITHUB_RELEASE,legacy-github-release://Mystery-Pryer/gcc-bilingual-annotation-evaluation-lab-temp/source-saudi-customer-service-v1/voho-saudi-dialogues.tar.gz,false,true,2026-09-23,Legacy-repository-dependent release asset; relocate before deleting the legacy repository. Historical legacy release location; exact Foundation-controlled replacement verified at LOC-000712 (release asset 588405311); operational dependency retired.
LOC-000513,ART-000513,GITHUB_RELEASE,legacy-github-release://Mystery-Pryer/gcc-bilingual-annotation-evaluation-lab-temp/source-gumar-ngrams-v1.0/AE.tar.xz,false,true,2026-09-23,Legacy-repository-dependent release asset; relocate before deleting the legacy repository. Historical legacy release location; exact Foundation-controlled replacement verified at LOC-000713 (release asset 588405367); operational dependency retired.
LOC-000514,ART-000514,GITHUB_RELEASE,legacy-github-release://Mystery-Pryer/gcc-bilingual-annotation-evaluation-lab-temp/source-gumar-ngrams-v1.0/BA.tar.xz,false,true,2026-09-23,Legacy-repository-dependent release asset; relocate before deleting the legacy repository. Historical legacy release location; exact Foundation-controlled replacement verified at LOC-000714 (release asset 588405365); operational dependency retired.
LOC-000515,ART-000515,GITHUB_RELEASE,legacy-github-release://Mystery-Pryer/gcc-bilingual-annotation-evaluation-lab-temp/source-gumar-ngrams-v1.0/KW.tar.xz,false,true,2026-09-23,Legacy-repository-dependent release asset; relocate before deleting the legacy repository. Historical legacy release location; exact Foundation-controlled replacement verified at LOC-000715 (release asset 588405363); operational dependency retired.
LOC-000516,ART-000516,GITHUB_RELEASE,legacy-github-release://Mystery-Pryer/gcc-bilingual-annotation-evaluation-lab-temp/source-gumar-ngrams-v1.0/MIXED_GA.tar.xz,false,true,2026-09-23,Legacy-repository-dependent release asset; relocate before deleting the legacy repository. Historical legacy release location; exact Foundation-controlled replacement verified at LOC-000716 (release asset 588405368); operational dependency retired.
LOC-000517,ART-000517,GITHUB_RELEASE,legacy-github-release://Mystery-Pryer/gcc-bilingual-annotation-evaluation-lab-temp/source-gumar-ngrams-v1.0/OM.tar.xz,false,true,2026-09-23,Legacy-repository-dependent release asset; relocate before deleting the legacy repository. Historical legacy release location; exact Foundation-controlled replacement verified at LOC-000717 (release asset 588405366); operational dependency retired.
LOC-000518,ART-000518,GITHUB_RELEASE,legacy-github-release://Mystery-Pryer/gcc-bilingual-annotation-evaluation-lab-temp/source-gumar-ngrams-v1.0/QA.tar.xz,false,true,2026-09-23,Legacy-repository-dependent release asset; relocate before deleting the legacy repository. Historical legacy release location; exact Foundation-controlled replacement verified at LOC-000718 (release asset 588405400); operational dependency retired.
LOC-000519,ART-000519,GITHUB_RELEASE,legacy-github-release://Mystery-Pryer/gcc-bilingual-annotation-evaluation-lab-temp/source-gumar-ngrams-v1.0/SA.tar.xz,false,true,2026-09-23,Legacy-repository-dependent release asset; relocate before deleting the legacy repository. Historical legacy release location; exact Foundation-controlled replacement verified at LOC-000719 (release asset 588405411); operational dependency retired.
LOC-000520,ART-000520,GITHUB_RELEASE,legacy-github-release://Mystery-Pryer/gcc-bilingual-annotation-evaluation-lab-temp/source-gumar-ngrams-v1.0/SHA256SUMS.txt,false,true,2026-09-23,Legacy-repository-dependent release asset; relocate before deleting the legacy repository. Historical legacy release location; exact Foundation-controlled replacement verified at LOC-000720 (release asset 588405433); operational dependency retired.
LOC-000521,ART-000521,GITHUB_RELEASE,legacy-github-release://Mystery-Pryer/gcc-bilingual-annotation-evaluation-lab-temp/source-gumar-ngrams-v1.0/SOURCE_INFO.txt,false,true,2026-09-23,Legacy-repository-dependent release asset; relocate before deleting the legacy repository. Historical legacy release location; exact Foundation-controlled replacement verified at LOC-000721 (release asset 588405445); operational dependency retired.
LOC-000522,ART-000522,GITHUB_RELEASE,legacy-github-release://Mystery-Pryer/gcc-bilingual-annotation-evaluation-lab-temp/source-gumar-ngrams-v1.0/UNID_GA.tar.xz,false,true,2026-09-23,Legacy-repository-dependent release asset; relocate before deleting the legacy repository. Historical legacy release location; exact Foundation-controlled replacement verified at LOC-000722 (release asset 588405453); operational dependency retired.
LOC-000523,ART-000523,GIT,legacy-git://Mystery-Pryer/gcc-bilingual-annotation-evaluation-lab-temp@83f6b3e16272d5a752ad1140986d2ef85bfb9569/research/arabic_annotation_database/gulf/mirrored/arbanking77/Banking77_Arabized_Saudi_test.csv,false,true,2026-09-23,Legacy-repository-dependent location; relocate before deleting the legacy repository. Historical legacy Git location; exact bytes relocated to LOC-000666 and verified before operational retirement.
LOC-000524,ART-000524,GIT,legacy-git://Mystery-Pryer/gcc-bilingual-annotation-evaluation-lab-temp@83f6b3e16272d5a752ad1140986d2ef85bfb9569/research/arabic_annotation_database/gulf/mirrored/arbanking77/Banking77_intents.csv,false,true,2026-09-23,Legacy-repository-dependent location; relocate before deleting the legacy repository. Historical legacy Git location; exact bytes relocated to LOC-000667 and verified before operational retirement.
LOC-000525,ART-000525,GIT,legacy-git://Mystery-Pryer/gcc-bilingual-annotation-evaluation-lab-temp@83f6b3e16272d5a752ad1140986d2ef85bfb9569/research/arabic_annotation_database/gulf/mirrored/convoarabic_pollen/A3.txt,false,true,2026-09-23,Legacy-repository-dependent location; relocate before deleting the legacy repository. Historical legacy Git location; exact bytes relocated to LOC-000668 and verified before operational retirement.
LOC-000526,ART-000526,GIT,legacy-git://Mystery-Pryer/gcc-bilingual-annotation-evaluation-lab-temp@83f6b3e16272d5a752ad1140986d2ef85bfb9569/research/arabic_annotation_database/gulf/mirrored/convoarabic_pollen/PROFILE.json,false,true,2026-09-23,Legacy-repository-dependent location; relocate before deleting the legacy repository. Historical legacy Git location; exact bytes relocated to LOC-000669 and verified before operational retirement.
LOC-000527,ART-000527,GIT,legacy-git://Mystery-Pryer/gcc-bilingual-annotation-evaluation-lab-temp@83f6b3e16272d5a752ad1140986d2ef85bfb9569/research/arabic_annotation_database/gulf/mirrored/convoarabic_pollen/README.md,false,true,2026-09-23,Legacy-repository-dependent location; relocate before deleting the legacy repository. Historical legacy Git location; exact bytes relocated to LOC-000670 and verified before operational retirement.
LOC-000528,ART-000528,GIT,legacy-git://Mystery-Pryer/gcc-bilingual-annotation-evaluation-lab-temp@83f6b3e16272d5a752ad1140986d2ef85bfb9569/research/arabic_annotation_database/gulf/mirrored/convoarabic_pollen/SOURCE_INFO.md,false,true,2026-09-23,Legacy-repository-dependent location; relocate before deleting the legacy repository. Historical legacy Git location; exact bytes relocated to LOC-000671 and verified before operational retirement.
LOC-000529,ART-000529,GIT,legacy-git://Mystery-Pryer/gcc-bilingual-annotation-evaluation-lab-temp@83f6b3e16272d5a752ad1140986d2ef85bfb9569/research/arabic_annotation_database/gulf/mirrored/convoarabic_pollen/dataexplanation.txt,false,true,2026-09-23,Legacy-repository-dependent location; relocate before deleting the legacy repository. Historical legacy Git location; exact bytes relocated to LOC-000672 and verified before operational retirement.
LOC-000530,ART-000530,GIT,legacy-git://Mystery-Pryer/gcc-bilingual-annotation-evaluation-lab-temp@83f6b3e16272d5a752ad1140986d2ef85bfb9569/research/arabic_annotation_database/gulf/mirrored/gumar/Gumar_Info.tsv,false,true,2026-09-23,Legacy-repository-dependent location; relocate before deleting the legacy repository. Historical legacy Git location; exact bytes relocated to LOC-000673 and verified before operational retirement.
LOC-000531,ART-000501,GIT,legacy-git://Mystery-Pryer/gcc-bilingual-annotation-evaluation-lab-temp@83f6b3e16272d5a752ad1140986d2ef85bfb9569/research/arabic_annotation_database/gulf/mirrored/unimorph_afb/afb.gloss,false,true,2026-09-23,Legacy-repository-dependent location; relocate before deleting the legacy repository. Historical legacy Git location; exact bytes relocated to LOC-000674 and verified before operational retirement.
LOC-000532,ART-000531,GIT,legacy-git://Mystery-Pryer/gcc-bilingual-annotation-evaluation-lab-temp@83f6b3e16272d5a752ad1140986d2ef85bfb9569/research/arabic_annotation_database/gulf/uae/mirrored/arsyra_gulf_kaggle/SOURCE_INFO.md,false,true,2026-09-23,Legacy-repository-dependent location; relocate before deleting the legacy repository. Historical legacy Git location; exact bytes relocated to LOC-000675 and verified before operational retirement.
LOC-000533,ART-000532,GIT,legacy-git://Mystery-Pryer/gcc-bilingual-annotation-evaluation-lab-temp@83f6b3e16272d5a752ad1140986d2ef85bfb9569/research/arabic_annotation_database/gulf/uae/mirrored/arsyra_gulf_kaggle/data/README.md,false,true,2026-09-23,Legacy-repository-dependent location; relocate before deleting the legacy repository. Historical legacy Git location; exact bytes relocated to LOC-000676 and verified before operational retirement.
LOC-000534,ART-000533,GIT,legacy-git://Mystery-Pryer/gcc-bilingual-annotation-evaluation-lab-temp@83f6b3e16272d5a752ad1140986d2ef85bfb9569/research/arabic_annotation_database/gulf/uae/mirrored/arsyra_gulf_kaggle/data/data/all.jsonl,false,true,2026-09-23,Legacy-repository-dependent location; relocate before deleting the legacy repository. Historical legacy Git location; exact bytes relocated to LOC-000677 and verified before operational retirement.
LOC-000535,ART-000534,GIT,legacy-git://Mystery-Pryer/gcc-bilingual-annotation-evaluation-lab-temp@83f6b3e16272d5a752ad1140986d2ef85bfb9569/research/arabic_annotation_database/gulf/uae/mirrored/arsyra_gulf_kaggle/data/data/conversation_pairs.jsonl,false,true,2026-09-23,Legacy-repository-dependent location; relocate before deleting the legacy repository. Historical legacy Git location; exact bytes relocated to LOC-000678 and verified before operational retirement.
LOC-000536,ART-000535,GIT,legacy-git://Mystery-Pryer/gcc-bilingual-annotation-evaluation-lab-temp@83f6b3e16272d5a752ad1140986d2ef85bfb9569/research/arabic_annotation_database/gulf/uae/mirrored/arsyra_gulf_kaggle/data/data/dialect.jsonl,false,true,2026-09-23,Legacy-repository-dependent location; relocate before deleting the legacy repository. Historical legacy Git location; exact bytes relocated to LOC-000679 and verified before operational retirement.
LOC-000537,ART-000536,GIT,legacy-git://Mystery-Pryer/gcc-bilingual-annotation-evaluation-lab-temp@83f6b3e16272d5a752ad1140986d2ef85bfb9569/research/arabic_annotation_database/gulf/uae/mirrored/arsyra_gulf_kaggle/data/data/formality_transfer.jsonl,false,true,2026-09-23,Legacy-repository-dependent location; relocate before deleting the legacy repository. Historical legacy Git location; exact bytes relocated to LOC-000680 and verified before operational retirement.
LOC-000538,ART-000537,GIT,legacy-git://Mystery-Pryer/gcc-bilingual-annotation-evaluation-lab-temp@83f6b3e16272d5a752ad1140986d2ef85bfb9569/research/arabic_annotation_database/gulf/uae/mirrored/arsyra_gulf_kaggle/data/data/medical_dialect.jsonl,false,true,2026-09-23,Legacy-repository-dependent location; relocate before deleting the legacy repository. Historical legacy Git location; exact bytes relocated to LOC-000681 and verified before operational retirement.
LOC-000539,ART-000538,GIT,legacy-git://Mystery-Pryer/gcc-bilingual-annotation-evaluation-lab-temp@83f6b3e16272d5a752ad1140986d2ef85bfb9569/research/arabic_annotation_database/gulf/uae/mirrored/arsyra_gulf_kaggle/data/data/named_entities_local.jsonl,false,true,2026-09-23,Legacy-repository-dependent location; relocate before deleting the legacy repository. Historical legacy Git location; exact bytes relocated to LOC-000682 and verified before operational retirement.
LOC-000540,ART-000539,GIT,legacy-git://Mystery-Pryer/gcc-bilingual-annotation-evaluation-lab-temp@83f6b3e16272d5a752ad1140986d2ef85bfb9569/research/arabic_annotation_database/gulf/uae/mirrored/arsyra_gulf_kaggle/data/data/slang.jsonl,false,true,2026-09-23,Legacy-repository-dependent location; relocate before deleting the legacy repository. Historical legacy Git location; exact bytes relocated to LOC-000683 and verified before operational retirement.
LOC-000541,ART-000540,GIT,legacy-git://Mystery-Pryer/gcc-bilingual-annotation-evaluation-lab-temp@83f6b3e16272d5a752ad1140986d2ef85bfb9569/research/arabic_annotation_database/gulf/uae/mirrored/arsyra_gulf_kaggle/data/data/tech_dialect.jsonl,false,true,2026-09-23,Legacy-repository-dependent location; relocate before deleting the legacy repository. Historical legacy Git location; exact bytes relocated to LOC-000684 and verified before operational retirement.
LOC-000542,ART-000541,GIT,legacy-git://Mystery-Pryer/gcc-bilingual-annotation-evaluation-lab-temp@83f6b3e16272d5a752ad1140986d2ef85bfb9569/research/arabic_annotation_database/gulf/uae/mirrored/arsyra_gulf_kaggle/data/data/vocabulary.jsonl,false,true,2026-09-23,Legacy-repository-dependent location; relocate before deleting the legacy repository. Historical legacy Git location; exact bytes relocated to LOC-000685 and verified before operational retirement.
LOC-000543,ART-000542,GIT,legacy-git://Mystery-Pryer/gcc-bilingual-annotation-evaluation-lab-temp@83f6b3e16272d5a752ad1140986d2ef85bfb9569/research/arabic_annotation_database/gulf/uae/mirrored/arsyra_gulf_kaggle/data/metadata.json,false,true,2026-09-23,Legacy-repository-dependent location; relocate before deleting the legacy repository. Historical legacy Git location; exact bytes relocated to LOC-000686 and verified before operational retirement.
LOC-000544,ART-000543,GIT,legacy-git://Mystery-Pryer/gcc-bilingual-annotation-evaluation-lab-temp@83f6b3e16272d5a752ad1140986d2ef85bfb9569/research/arabic_annotation_database/gulf/uae/mirrored/arsyra_gulf_kaggle/manifest.json,false,true,2026-09-23,Legacy-repository-dependent location; relocate before deleting the legacy repository. Historical legacy Git location; exact bytes relocated to LOC-000687 and verified before operational retirement.
LOC-000545,ART-000503,GIT,legacy-git://Mystery-Pryer/gcc-bilingual-annotation-evaluation-lab-temp@83f6b3e16272d5a752ad1140986d2ef85bfb9569/research/arabic_annotation_database/gulf/uae/mirrored/mixat/LICENSE,false,true,2026-09-23,Legacy-repository-dependent location; relocate before deleting the legacy repository. Historical legacy Git location; exact bytes relocated to LOC-000688 and verified before operational retirement.
LOC-000546,ART-000505,GIT,legacy-git://Mystery-Pryer/gcc-bilingual-annotation-evaluation-lab-temp@83f6b3e16272d5a752ad1140986d2ef85bfb9569/research/arabic_annotation_database/gulf/uae/mirrored/mixat/README_UPSTREAM.md,false,true,2026-09-23,Legacy-repository-dependent location; relocate before deleting the legacy repository. Historical legacy Git location; exact bytes relocated to LOC-000689 and verified before operational retirement.
LOC-000547,ART-000504,GIT,legacy-git://Mystery-Pryer/gcc-bilingual-annotation-evaluation-lab-temp@83f6b3e16272d5a752ad1140986d2ef85bfb9569/research/arabic_annotation_database/gulf/uae/mirrored/mixat/metadata.csv,false,true,2026-09-23,Legacy-repository-dependent location; relocate before deleting the legacy repository. Historical legacy Git location; exact bytes relocated to LOC-000690 and verified before operational retirement.
LOC-000548,ART-000544,GIT,legacy-git://Mystery-Pryer/gcc-bilingual-annotation-evaluation-lab-temp@83f6b3e16272d5a752ad1140986d2ef85bfb9569/research/arabic_annotation_database/gulf/uae/mirrored/organic_gulf_arabic_dialect/PROFILE.json,false,true,2026-09-23,Legacy-repository-dependent location; relocate before deleting the legacy repository. Historical legacy Git location; exact bytes relocated to LOC-000691 and verified before operational retirement.
LOC-000549,ART-000545,GIT,legacy-git://Mystery-Pryer/gcc-bilingual-annotation-evaluation-lab-temp@83f6b3e16272d5a752ad1140986d2ef85bfb9569/research/arabic_annotation_database/gulf/uae/mirrored/organic_gulf_arabic_dialect/README.md,false,true,2026-09-23,Legacy-repository-dependent location; relocate before deleting the legacy repository. Historical legacy Git location; exact bytes relocated to LOC-000692 and verified before operational retirement.
LOC-000550,ART-000546,GIT,legacy-git://Mystery-Pryer/gcc-bilingual-annotation-evaluation-lab-temp@83f6b3e16272d5a752ad1140986d2ef85bfb9569/research/arabic_annotation_database/gulf/uae/mirrored/organic_gulf_arabic_dialect/SOURCE_INFO.md,false,true,2026-09-23,Legacy-repository-dependent location; relocate before deleting the legacy repository. Historical legacy Git location; exact bytes relocated to LOC-000693 and verified before operational retirement.
LOC-000551,ART-000547,GIT,legacy-git://Mystery-Pryer/gcc-bilingual-annotation-evaluation-lab-temp@83f6b3e16272d5a752ad1140986d2ef85bfb9569/research/arabic_annotation_database/gulf/uae/mirrored/organic_gulf_arabic_dialect/gulf_dialect_dataset.csv,false,true,2026-09-23,Legacy-repository-dependent location; relocate before deleting the legacy repository. Historical legacy Git location; exact bytes relocated to LOC-000694 and verified before operational retirement.
LOC-000552,ART-000548,GIT,legacy-git://Mystery-Pryer/gcc-bilingual-annotation-evaluation-lab-temp@83f6b3e16272d5a752ad1140986d2ef85bfb9569/research/arabic_annotation_database/gulf/uae/mirrored/university_of_dubai_arabic_legal/LICENSE_UPSTREAM.txt,false,true,2026-09-23,Legacy-repository-dependent location; relocate before deleting the legacy repository. Historical legacy Git location; exact bytes relocated to LOC-000695 and verified before operational retirement.
LOC-000553,ART-000549,GIT,legacy-git://Mystery-Pryer/gcc-bilingual-annotation-evaluation-lab-temp@83f6b3e16272d5a752ad1140986d2ef85bfb9569/research/arabic_annotation_database/gulf/uae/mirrored/university_of_dubai_arabic_legal/README_UPSTREAM.md,false,true,2026-09-23,Legacy-repository-dependent location; relocate before deleting the legacy repository. Historical legacy Git location; exact bytes relocated to LOC-000696 and verified before operational retirement.
LOC-000554,ART-000550,GIT,legacy-git://Mystery-Pryer/gcc-bilingual-annotation-evaluation-lab-temp@83f6b3e16272d5a752ad1140986d2ef85bfb9569/research/arabic_annotation_database/gulf/uae/mirrored/university_of_dubai_arabic_legal/SOURCE_NOTES.md,false,true,2026-09-23,Legacy-repository-dependent location; relocate before deleting the legacy repository. Historical legacy Git location; exact bytes relocated to LOC-000697 and verified before operational retirement.
LOC-000555,ART-000551,GIT,legacy-git://Mystery-Pryer/gcc-bilingual-annotation-evaluation-lab-temp@83f6b3e16272d5a752ad1140986d2ef85bfb9569/research/arabic_annotation_database/gulf/uae/mirrored/university_of_dubai_arabic_legal/data/batch_import.jsonl,false,true,2026-09-23,Legacy-repository-dependent location; relocate before deleting the legacy repository. Historical legacy Git location; exact bytes relocated to LOC-000698 and verified before operational retirement.
LOC-000556,ART-000552,GIT,legacy-git://Mystery-Pryer/gcc-bilingual-annotation-evaluation-lab-temp@83f6b3e16272d5a752ad1140986d2ef85bfb9569/research/arabic_annotation_database/gulf/uae/mirrored/university_of_dubai_arabic_legal/data/initial_test.jsonl,false,true,2026-09-23,Legacy-repository-dependent location; relocate before deleting the legacy repository. Historical legacy Git location; exact bytes relocated to LOC-000699 and verified before operational retirement.
LOC-000557,ART-000553,CHATGPT_LIBRARY,conversation_upload:file_00000000e0d88230b58281a6b42c4cd4,true,true,2026-09-23,
LOC-000558,ART-000554,CHATGPT_LIBRARY,conversation_upload:file_0000000078ac81fd8919abba480717d5,true,true,2026-09-23,
LOC-000559,ART-000555,CHATGPT_LIBRARY,conversation_upload:file_00000000eb5081fd85b03f9993d5c8f0,true,true,2026-09-23,
LOC-000560,ART-000556,CHATGPT_LIBRARY,conversation_upload:file_000000008d5481fbb0d0ba8dacb6d57b,true,true,2026-09-23,
LOC-000561,ART-000556,CHATGPT_LIBRARY,conversation_upload:file_00000000ba3081fdba9de926c4b3d96a,false,true,2026-09-23,Aspect-BasedSentimentAnalysisUsingSmartGovernmentReviewDataPre-Proof (1).pdf
LOC-000562,ART-000557,CHATGPT_LIBRARY,conversation_upload:file_000000003b1481f6859bcb8f85ab4c48,true,true,2026-09-23,
LOC-000563,ART-000558,CHATGPT_LIBRARY,conversation_upload:file_0000000022d081f8aee159a1820f52b6,true,true,2026-09-23,
LOC-000564,ART-000553,GIT,legacy-git://Mystery-Pryer/gcc-bilingual-annotation-evaluation-lab-temp@83f6b3e16272d5a752ad1140986d2ef85bfb9569/research/arabic_annotation_database/source_material/user_supplied_2026-09-23/arabic_absa_bidirectional_gru_arxiv_v4.pdf,false,true,2026-09-23,Legacy-repository-dependent location; relocate before deleting the legacy repository. Historical legacy Git location; operational dependency retired because verified non-legacy LOC-000557 already exists.
LOC-000565,ART-000554,GIT,legacy-git://Mystery-Pryer/gcc-bilingual-annotation-evaluation-lab-temp@83f6b3e16272d5a752ad1140986d2ef85bfb9569/research/arabic_annotation_database/source_material/user_supplied_2026-09-23/arabic_aspect_sentiment_bert_arxiv_v4.pdf,false,true,2026-09-23,Legacy-repository-dependent location; relocate before deleting the legacy repository. Historical legacy Git location; operational dependency retired because verified non-legacy LOC-000558 already exists.
LOC-000566,ART-000555,GIT,legacy-git://Mystery-Pryer/gcc-bilingual-annotation-evaluation-lab-temp@83f6b3e16272d5a752ad1140986d2ef85bfb9569/research/arabic_annotation_database/source_material/user_supplied_2026-09-23/uae_government_smart_apps_absa_dissertation.pdf,false,true,2026-09-23,Legacy-repository-dependent location; relocate before deleting the legacy repository. Historical legacy Git location; operational dependency retired because verified non-legacy LOC-000559 already exists.
LOC-000567,ART-000559,CHATGPT_LIBRARY,conversation_upload:file_0000000090a882119566d8e7649b0303,false,true,2026-09-23,
LOC-000568,ART-000559,CHATGPT_LIBRARY,/Arabic Annotation Resource Database/Gulf/Saudi/SauDial The Saudi Arabic Dialects Game Localization Dataset.zip,true,true,2026-09-23,libfile_e94b28aa675c8191b5622939a3527f60
LOC-000569,ART-000560,CHATGPT_LIBRARY,/Arabic Annotation Resource Database/Gulf/Saudi/SauDial Dataset.xlsx,true,true,2026-09-23,libfile_13d12dc1fb3c8191a2aa784aa96001dd
LOC-000570,ART-000561,CHATGPT_LIBRARY,conversation_upload:file_0000000062cc81f59e647b4947c97bc3,true,true,2026-09-23,
LOC-000571,ART-000562,CHATGPT_LIBRARY,conversation_upload:file_0000000062cc81f59e647b4947c97bc3!/Mathematical-Problem-Solving-in-Arabic--Assessing-La_2024_Procedia-Computer-.pdf,true,true,2026-09-23,
LOC-000572,ART-000563,CHATGPT_LIBRARY,conversation_upload:file_0000000062cc81f59e647b4947c97bc3!/Up-To-Date--Automatic-Updating-Knowledge-Graphs-U_2024_Procedia-Computer-Sci.pdf,true,true,2026-09-23,
LOC-000573,ART-000564,CHATGPT_LIBRARY,conversation_upload:file_0000000062cc81f59e647b4947c97bc3!/Hate-Speech-Detection-in-Arabic-Text--Survey_2024_Procedia-Computer-Science.pdf,true,true,2026-09-23,
LOC-000574,ART-000565,CHATGPT_LIBRARY,conversation_upload:file_0000000062cc81f59e647b4947c97bc3!/Normalizing-Swiss-German-Dialects-with-the-Power-of-L_2024_Procedia-Computer.pdf,true,true,2026-09-23,
LOC-000575,ART-000566,CHATGPT_LIBRARY,conversation_upload:file_0000000062cc81f59e647b4947c97bc3!/FASSILA--A-Corpus-for-Algerian-Dialect-Fake-News-Detec_2024_Procedia-Compute.pdf,true,true,2026-09-23,
LOC-000576,ART-000567,CHATGPT_LIBRARY,conversation_upload:file_0000000062cc81f59e647b4947c97bc3!/Poems--Pulses-and-Polygons--How-Classical-Arabic-Poetry_2024_Procedia-Comput.pdf,true,true,2026-09-23,
LOC-000577,ART-000568,CHATGPT_LIBRARY,conversation_upload:file_0000000062cc81f59e647b4947c97bc3!/Disease-Discourse-through-Sentiment-and-Network-A_2024_Procedia-Computer-Sci.pdf,true,true,2026-09-23,
LOC-000578,ART-000569,CHATGPT_LIBRARY,conversation_upload:file_0000000062cc81f59e647b4947c97bc3!/Evaluating-Large-Language-Models-for-Arabic-Sentiment-Anal_2024_Procedia-Com.pdf,true,true,2026-09-23,
LOC-000579,ART-000570,CHATGPT_LIBRARY,conversation_upload:file_0000000062cc81f59e647b4947c97bc3!/SinaTools--Open-Source-Toolkit-for-Arabic-Natural-La_2024_Procedia-Computer-.pdf,true,true,2026-09-23,
LOC-000580,ART-000571,CHATGPT_LIBRARY,conversation_upload:file_0000000062cc81f59e647b4947c97bc3!/Ethio-Fake--Cutting-Edge-Approaches-to-Combat-Fake-News-i_2024_Procedia-Comp.pdf,true,true,2026-09-23,
LOC-000581,ART-000572,CHATGPT_LIBRARY,conversation_upload:file_0000000062cc81f59e647b4947c97bc3!/Exploring-Explainability-in-Arabic-Language-Models--An-_2024_Procedia-Comput.pdf,true,true,2026-09-23,
LOC-000582,ART-000573,CHATGPT_LIBRARY,conversation_upload:file_0000000062cc81f59e647b4947c97bc3!/A-morphological-word-embedding-for-Arabic-langu_2024_Procedia-Computer-Scien.pdf,true,true,2026-09-23,
LOC-000583,ART-000574,CHATGPT_LIBRARY,conversation_upload:file_0000000062cc81f59e647b4947c97bc3!/Fused-Transformers--Fused-Information-of-Arabic-long-A_2024_Procedia-Compute.pdf,true,true,2026-09-23,
LOC-000584,ART-000575,CHATGPT_LIBRARY,conversation_upload:file_0000000062cc81f59e647b4947c97bc3!/Advancements-of-SMS-Spam-Detection--A-Comprehensive-Su_2024_Procedia-Compute.pdf,true,true,2026-09-23,
LOC-000585,ART-000576,CHATGPT_LIBRARY,conversation_upload:file_0000000062cc81f59e647b4947c97bc3!/Resum-Atlas--Revisiting-Resume-Classification-with-Large_2024_Procedia-Compu.pdf,true,true,2026-09-23,
LOC-000586,ART-000577,CHATGPT_LIBRARY,conversation_upload:file_0000000062cc81f59e647b4947c97bc3!/Enhancing-Visual-Question-Answering-for-Arabic-Language-_2024_Procedia-Compu.pdf,true,true,2026-09-23,
LOC-000587,ART-000578,CHATGPT_LIBRARY,conversation_upload:file_0000000062cc81f59e647b4947c97bc3!/Automatic-Abstracting-For-Bibliographic-Record-Sema_2024_Procedia-Computer-S.pdf,true,true,2026-09-23,
LOC-000588,ART-000579,CHATGPT_LIBRARY,conversation_upload:file_0000000062cc81f59e647b4947c97bc3!/Utilizing-GPT-to-Enhance-Text-Summarization--A-Strateg_2024_Procedia-Compute.pdf,true,true,2026-09-23,
LOC-000589,ART-000580,CHATGPT_LIBRARY,conversation_upload:file_0000000062cc81f59e647b4947c97bc3!/Exploring-Retrieval-Augmented-Generation-in-Ara_2024_Procedia-Computer-Scien.pdf,true,true,2026-09-23,
LOC-000590,ART-000581,CHATGPT_LIBRARY,conversation_upload:file_0000000062cc81f59e647b4947c97bc3!/Fraud-Detection-in-Medical-Insurance-Claims-Using-Majorit_2024_Procedia-Comp.pdf,true,true,2026-09-23,
LOC-000591,ART-000582,CHATGPT_LIBRARY,conversation_upload:file_0000000062cc81f59e647b4947c97bc3!/Text-Correction-for-Modern-Standard-Arabic_2024_Procedia-Computer-Science.pdf,true,true,2026-09-23,
LOC-000592,ART-000583,CHATGPT_LIBRARY,conversation_upload:file_0000000062cc81f59e647b4947c97bc3!/Using-LLMs-and-ontologies-to-extract-causal-relationsh_2024_Procedia-Compute.pdf,true,true,2026-09-23,
LOC-000593,ART-000584,CHATGPT_LIBRARY,conversation_upload:file_0000000062cc81f59e647b4947c97bc3!/Semantic-Driven-Topic-Modeling-Using-Transformer-Based-_2024_Procedia-Comput.pdf,true,true,2026-09-23,
LOC-000594,ART-000585,CHATGPT_LIBRARY,conversation_upload:file_0000000062cc81f59e647b4947c97bc3!/Oxymoron--An-Automatic-Detection-from-the-Corpu_2024_Procedia-Computer-Scien.pdf,true,true,2026-09-23,
LOC-000595,ART-000586,CHATGPT_LIBRARY,conversation_upload:file_0000000062cc81f59e647b4947c97bc3!/Expression-of-Depression-Among-Arab-Twitter-Users-Usin_2024_Procedia-Compute.pdf,true,true,2026-09-23,
LOC-000596,ART-000587,CHATGPT_LIBRARY,conversation_upload:file_0000000062cc81f59e647b4947c97bc3!/Improving-sentiment-analysis-of-financial-news-headlines-u_2024_Procedia-Com.pdf,true,true,2026-09-23,
LOC-000597,ART-000588,CHATGPT_LIBRARY,conversation_upload:file_0000000062cc81f59e647b4947c97bc3!/Enhancing-Model-Performance-through-Translation-based-Dat_2024_Procedia-Comp.pdf,true,true,2026-09-23,
LOC-000598,ART-000589,CHATGPT_LIBRARY,conversation_upload:file_0000000062cc81f59e647b4947c97bc3!/Lexicon-based-Language-Relatedness-Analysis_2024_Procedia-Computer-Science.pdf,true,true,2026-09-23,
LOC-000599,ART-000590,CHATGPT_LIBRARY,conversation_upload:file_0000000062cc81f59e647b4947c97bc3!/A-novel-perspective-using-Chaotic-Grey-Wolf-Optimization-_2024_Procedia-Comp.pdf,true,true,2026-09-23,
LOC-000600,ART-000591,CHATGPT_LIBRARY,conversation_upload:file_0000000062cc81f59e647b4947c97bc3!/Contents_2024_Procedia-Computer-Science.pdf,true,true,2026-09-23,
LOC-000601,ART-000592,CHATGPT_LIBRARY,conversation_upload:file_0000000062cc81f59e647b4947c97bc3!/Arabic-NER-Evaluation--Pre-Trained-Models-via-Contrastiv_2024_Procedia-Compu.pdf,true,true,2026-09-23,
LOC-000602,ART-000593,CHATGPT_LIBRARY,conversation_upload:file_0000000062cc81f59e647b4947c97bc3!/Empathetic-Language-in-LLMs-under-Prompt-Engineering--A-_2024_Procedia-Compu.pdf,true,true,2026-09-23,
LOC-000603,ART-000594,CHATGPT_LIBRARY,conversation_upload:file_0000000062cc81f59e647b4947c97bc3!/Alma--Fast-Lemmatizer-and-POS-Tagger-for-Arabi_2024_Procedia-Computer-Scienc.pdf,true,true,2026-09-23,
LOC-000604,ART-000595,CHATGPT_LIBRARY,conversation_upload:file_0000000062cc81f59e647b4947c97bc3!/Paraphrasing-identification-Using-ACV-tree-kern_2024_Procedia-Computer-Scien.pdf,true,true,2026-09-23,
LOC-000605,ART-000596,CHATGPT_LIBRARY,conversation_upload:file_0000000062cc81f59e647b4947c97bc3!/Arabic-Historical-Documents-Layout-Analysis-using-_2024_Procedia-Computer-Sc.pdf,true,true,2026-09-23,
LOC-000606,ART-000597,CHATGPT_LIBRARY,conversation_upload:file_0000000062cc81f59e647b4947c97bc3!/A-Novel-Approach-for-Arabic-SMS-Spam-Detection-Using-H_2024_Procedia-Compute.pdf,true,true,2026-09-23,
LOC-000607,ART-000598,CHATGPT_LIBRARY,conversation_upload:file_0000000062cc81f59e647b4947c97bc3!/Sentiment-Analysis-of-Custom-Speech-Corpus--A-proof-_2024_Procedia-Computer-.pdf,true,true,2026-09-23,
LOC-000608,ART-000599,CHATGPT_LIBRARY,conversation_upload:file_0000000062cc81f59e647b4947c97bc3!/Co-reference-Resolution-in-Prompt-Engineering_2024_Procedia-Computer-Science.pdf,true,true,2026-09-23,
LOC-000609,ART-000600,CHATGPT_LIBRARY,conversation_upload:file_0000000062cc81f59e647b4947c97bc3!/ArzEn-LLM--Code-Switched-Egyptian-Arabic-English-Transla_2024_Procedia-Compu.pdf,true,true,2026-09-23,
LOC-000610,ART-000601,CHATGPT_LIBRARY,conversation_upload:file_0000000062cc81f59e647b4947c97bc3!/Arabic-Idioms-Detection-by-Utilizing-Deep-Learning-and_2024_Procedia-Compute.pdf,true,true,2026-09-23,
LOC-000611,ART-000602,CHATGPT_LIBRARY,conversation_upload:file_0000000062cc81f59e647b4947c97bc3!/Multi-Hop-Arabic-LLM-Reasoning-in-Complex-QA_2024_Procedia-Computer-Science.pdf,true,true,2026-09-23,
LOC-000612,ART-000603,CHATGPT_LIBRARY,conversation_upload:file_0000000062cc81f59e647b4947c97bc3!/English-to-Arabic-Braille-Neural-Machine-Translation-T_2024_Procedia-Compute.pdf,true,true,2026-09-23,
LOC-000613,ART-000604,CHATGPT_LIBRARY,conversation_upload:file_0000000062cc81f59e647b4947c97bc3!/Context-biased-vs--structure-biased-disambiguation-of-re_2024_Procedia-Compu.pdf,true,true,2026-09-23,
LOC-000614,ART-000605,CHATGPT_LIBRARY,conversation_upload:file_0000000062cc81f59e647b4947c97bc3!/Deep-Learning-Approaches-for-Detecting-Arabic-Cyberb_2024_Procedia-Computer-.pdf,true,true,2026-09-23,
LOC-000615,ART-000606,CHATGPT_LIBRARY,conversation_upload:file_0000000062cc81f59e647b4947c97bc3!/Leveraging-Transformer-Summarizer-to-Extract-Sentences_2024_Procedia-Compute.pdf,true,true,2026-09-23,
LOC-000616,ART-000607,CHATGPT_LIBRARY,conversation_upload:file_0000000062cc81f59e647b4947c97bc3!/Empirical-Analysis-for-Detecting-Arabic-Online-Suic_2024_Procedia-Computer-S.pdf,true,true,2026-09-23,
LOC-000617,ART-000608,CHATGPT_LIBRARY,conversation_upload:file_0000000062cc81f59e647b4947c97bc3!/Deep-Learning-Techniques-for-Identifying-Poets-in-Arabic_2024_Procedia-Compu.pdf,true,true,2026-09-23,
LOC-000618,ART-000609,CHATGPT_LIBRARY,conversation_upload:file_0000000062cc81f59e647b4947c97bc3!/Takween--A-Comprehensive-Arabic-Collection-and-Ann_2024_Procedia-Computer-Sc.pdf,true,true,2026-09-23,
LOC-000619,ART-000610,CHATGPT_LIBRARY,conversation_upload:file_0000000062cc81f59e647b4947c97bc3!/Word-Level-Language-Identification-in-Indonesian-Javan_2024_Procedia-Compute.pdf,true,true,2026-09-23,
LOC-000620,ART-000611,CHATGPT_LIBRARY,conversation_upload:file_0000000062cc81f59e647b4947c97bc3!/Deep-Learning-for-Accurate-Recognition-of-Arabic-Handwr_2024_Procedia-Comput.pdf,true,true,2026-09-23,
LOC-000621,ART-000612,CHATGPT_LIBRARY,conversation_upload:file_0000000062cc81f59e647b4947c97bc3!/K-means-Clustering-of-Tweet-Emotions--A-2D-PCA-Visua_2024_Procedia-Computer-.pdf,true,true,2026-09-23,
LOC-000622,ART-000613,CHATGPT_LIBRARY,conversation_upload:file_000000001f6c81f59fc1ea027fc625ec,true,true,2026-09-23,
LOC-000623,ART-000614,CHATGPT_LIBRARY,conversation_upload:file_000000001f6c81f59fc1ea027fc625ec!/An-Annotated-Huge-Dataset-for-Standard-and-Colloquial-Ara_2018_Procedia-Comp.pdf,true,true,2026-09-23,
LOC-000624,ART-000615,CHATGPT_LIBRARY,conversation_upload:file_000000001f6c81f59fc1ea027fc625ec!/Detecting-rumors-in-social-media--A-survey_2018_Procedia-Computer-Science.pdf,true,true,2026-09-23,
LOC-000625,ART-000616,CHATGPT_LIBRARY,conversation_upload:file_000000001f6c81f59fc1ea027fc625ec!/A-Proposed-Arabic-Grammatical-Error-Detection-Tool-Ba_2018_Procedia-Computer.pdf,true,true,2026-09-23,
LOC-000626,ART-000617,CHATGPT_LIBRARY,conversation_upload:file_000000001f6c81f59fc1ea027fc625ec!/A-Lexical-Distance-Study-of-Arabic-Dialects_2018_Procedia-Computer-Science.pdf,true,true,2026-09-23,
LOC-000627,ART-000618,CHATGPT_LIBRARY,conversation_upload:file_000000001f6c81f59fc1ea027fc625ec!/A-Context-Integrated-Model-for-Multi-label-Emotion_2018_Procedia-Computer-Sc.pdf,true,true,2026-09-23,
LOC-000628,ART-000619,CHATGPT_LIBRARY,conversation_upload:file_000000001f6c81f59fc1ea027fc625ec!/SUAR--Towards-Building-a-Corpus-for-the-Saudi-Di_2018_Procedia-Computer-Scie.pdf,true,true,2026-09-23,
LOC-000629,ART-000620,CHATGPT_LIBRARY,conversation_upload:file_000000001f6c81f59fc1ea027fc625ec!/Critical-description-of-TA-linguistic-resource_2018_Procedia-Computer-Scienc.pdf,true,true,2026-09-23,
LOC-000630,ART-000621,CHATGPT_LIBRARY,conversation_upload:file_000000001f6c81f59fc1ea027fc625ec!/Applying-Deep-Learning-for-Arabic-Keyphrase-Extr_2018_Procedia-Computer-Scie.pdf,true,true,2026-09-23,
LOC-000631,ART-000622,CHATGPT_LIBRARY,conversation_upload:file_000000001f6c81f59fc1ea027fc625ec!/Towards-an-Optimal-Solution-to-Lemmatization-in-_2018_Procedia-Computer-Scie.pdf,true,true,2026-09-23,
LOC-000632,ART-000623,CHATGPT_LIBRARY,conversation_upload:file_000000001f6c81f59fc1ea027fc625ec!/Graph-based-Arabic-NLP-Techniques--A-Survey_2018_Procedia-Computer-Science.pdf,true,true,2026-09-23,
LOC-000633,ART-000624,CHATGPT_LIBRARY,conversation_upload:file_000000001f6c81f59fc1ea027fc625ec!/Word-Level-vs-Sentence-Level-Language-Identification--Ap_2018_Procedia-Compu.pdf,true,true,2026-09-23,
LOC-000634,ART-000625,CHATGPT_LIBRARY,conversation_upload:file_000000001f6c81f59fc1ea027fc625ec!/MoArLex--An-Arabic-Sentiment-Lexicon-Built-Through-Aut_2018_Procedia-Compute.pdf,true,true,2026-09-23,
LOC-000635,ART-000626,CHATGPT_LIBRARY,conversation_upload:file_000000001f6c81f59fc1ea027fc625ec!/An-Efficient-Text-Representation-for-Searching-and-Retri_2018_Procedia-Compu.pdf,true,true,2026-09-23,
LOC-000636,ART-000627,CHATGPT_LIBRARY,conversation_upload:file_000000001f6c81f59fc1ea027fc625ec!/Sentiment-Analysis-of-Users-on-Social-Networks--Overcoming_2018_Procedia-Com.pdf,true,true,2026-09-23,
LOC-000637,ART-000628,CHATGPT_LIBRARY,conversation_upload:file_000000001f6c81f59fc1ea027fc625ec!/Categorial-Analysis-of-Agreement-Asymmetries-in-_2018_Procedia-Computer-Scie.pdf,true,true,2026-09-23,
LOC-000638,ART-000629,CHATGPT_LIBRARY,conversation_upload:file_000000001f6c81f59fc1ea027fc625ec!/Topic-Detection-Approaches-in-Identifying-Topics-and-E_2018_Procedia-Compute.pdf,true,true,2026-09-23,
LOC-000639,ART-000630,CHATGPT_LIBRARY,conversation_upload:file_000000001f6c81f59fc1ea027fc625ec!/Sentiment-Analysis-of-Arabic-Tweets-using-Deep-Le_2018_Procedia-Computer-Sci.pdf,true,true,2026-09-23,
LOC-000640,ART-000631,CHATGPT_LIBRARY,conversation_upload:file_000000001f6c81f59fc1ea027fc625ec!/The-Role-of-Linguistic-Feature-Categories-in-Authors_2018_Procedia-Computer-.pdf,true,true,2026-09-23,
LOC-000641,ART-000632,CHATGPT_LIBRARY,conversation_upload:file_000000001f6c81f59fc1ea027fc625ec!/The-Building-and-Evaluation-of-a-Mobile-Parallel-Multi-_2018_Procedia-Comput.pdf,true,true,2026-09-23,
LOC-000642,ART-000633,CHATGPT_LIBRARY,conversation_upload:file_000000001f6c81f59fc1ea027fc625ec!/DAWQAS--A-Dataset-for-Arabic-Why-Question-Answeri_2018_Procedia-Computer-Sci.pdf,true,true,2026-09-23,
LOC-000643,ART-000634,CHATGPT_LIBRARY,conversation_upload:file_000000001f6c81f59fc1ea027fc625ec!/PREFACE_2018_Procedia-Computer-Science.pdf,true,true,2026-09-23,
LOC-000644,ART-000635,CHATGPT_LIBRARY,conversation_upload:file_000000001f6c81f59fc1ea027fc625ec!/Sentiment-lexicon-for-sentiment-analysis-of-Saudi-d_2018_Procedia-Computer-S.pdf,true,true,2026-09-23,
LOC-000645,ART-000636,CHATGPT_LIBRARY,conversation_upload:file_000000001f6c81f59fc1ea027fc625ec!/The-Constitution-of-an-Arabic-Touristic-Corpus_2018_Procedia-Computer-Scienc.pdf,true,true,2026-09-23,
LOC-000646,ART-000637,CHATGPT_LIBRARY,conversation_upload:file_000000001f6c81f59fc1ea027fc625ec!/Cross-Language-Learning-for-Arabic-Relation-Extr_2018_Procedia-Computer-Scie.pdf,true,true,2026-09-23,
LOC-000647,ART-000638,CHATGPT_LIBRARY,conversation_upload:file_000000001f6c81f59fc1ea027fc625ec!/A-Sequence-to-Sequence-based-Approach-For-the-double-Tr_2018_Procedia-Comput.pdf,true,true,2026-09-23,
LOC-000648,ART-000639,CHATGPT_LIBRARY,conversation_upload:file_000000001f6c81f59fc1ea027fc625ec!/A-Monolingual-Parallel-Corpus-of-Arabic_2018_Procedia-Computer-Science.pdf,true,true,2026-09-23,
LOC-000649,ART-000640,CHATGPT_LIBRARY,conversation_upload:file_000000001f6c81f59fc1ea027fc625ec!/Word-Sense-Disambiguation-for-Arabic-Exploiting-Arabic_2018_Procedia-Compute.pdf,true,true,2026-09-23,
LOC-000650,ART-000641,CHATGPT_LIBRARY,conversation_upload:file_000000001f6c81f59fc1ea027fc625ec!/Automatic-Arabic-Dialect-Classification-Using-Deep-_2018_Procedia-Computer-S.pdf,true,true,2026-09-23,
LOC-000651,ART-000642,CHATGPT_LIBRARY,conversation_upload:file_000000001f6c81f59fc1ea027fc625ec!/Representing-Meaning-of-Arabic-Sentence-Dynamically-_2018_Procedia-Computer-.pdf,true,true,2026-09-23,
LOC-000652,ART-000643,CHATGPT_LIBRARY,conversation_upload:file_000000001f6c81f59fc1ea027fc625ec!/Abjad--Towards-Interactive-Learning-Approach-to-Arabic-_2018_Procedia-Comput.pdf,true,true,2026-09-23,
LOC-000653,ART-000644,CHATGPT_LIBRARY,conversation_upload:file_000000001f6c81f59fc1ea027fc625ec!/Learning-Causality-for-Arabic---Proclitics_2018_Procedia-Computer-Science.pdf,true,true,2026-09-23,
LOC-000654,ART-000645,CHATGPT_LIBRARY,conversation_upload:file_000000001f6c81f59fc1ea027fc625ec!/Table-of-Contents_2018_Procedia-Computer-Science.pdf,true,true,2026-09-23,
LOC-000655,ART-000646,CHATGPT_LIBRARY,conversation_upload:file_000000001f6c81f59fc1ea027fc625ec!/Arabic-Readability-Research--Current-State-and-Futu_2018_Procedia-Computer-S.pdf,true,true,2026-09-23,
LOC-000656,ART-000647,CHATGPT_LIBRARY,conversation_upload:file_000000001f6c81f59fc1ea027fc625ec!/Morphological-Word-Embedding-for-Arabic_2018_Procedia-Computer-Science.pdf,true,true,2026-09-23,
LOC-000657,ART-000648,CHATGPT_LIBRARY,conversation_upload:file_000000001f6c81f59fc1ea027fc625ec!/A-Large-Scale-Social-Media-Corpus-for-the-Detection-of-_2018_Procedia-Comput.pdf,true,true,2026-09-23,
LOC-000658,ART-000649,CHATGPT_LIBRARY,conversation_upload:file_000000001f6c81f59fc1ea027fc625ec!/POS-Tagging-for-Arabic-Text-Using-Bee-Colony-Alg_2018_Procedia-Computer-Scie.pdf,true,true,2026-09-23,
LOC-000659,ART-000650,CHATGPT_LIBRARY,conversation_upload:file_000000001f6c81f59fc1ea027fc625ec!/Towards-a-New-Hybrid-Approach-for-Abstractive-Summ_2018_Procedia-Computer-Sc.pdf,true,true,2026-09-23,
LOC-000660,ART-000651,CHATGPT_LIBRARY,conversation_upload:file_000000001f6c81f59fc1ea027fc625ec!/Automated-Sentence-Boundary-Detection-in-Modern-Standard-_2018_Procedia-Comp.pdf,true,true,2026-09-23,
LOC-000661,ART-000652,CHATGPT_LIBRARY,conversation_upload:file_000000001f6c81f59fc1ea027fc625ec!/Dataset-Construction-for-the-Detection-of-Anti-Social-Be_2018_Procedia-Compu.pdf,true,true,2026-09-23,
LOC-000662,ART-000653,CHATGPT_LIBRARY,conversation_upload:file_000000001f6c81f59fc1ea027fc625ec!/Ontological-Optimization-for-Latent-Semantic-Indexin_2018_Procedia-Computer-.pdf,true,true,2026-09-23,
LOC-000663,ART-000654,CHATGPT_LIBRARY,conversation_upload:file_000000001f6c81f59fc1ea027fc625ec!/Towards-Accurate-Detection-of-Offensive-Language-in-On_2018_Procedia-Compute.pdf,true,true,2026-09-23,
LOC-000664,ART-000655,CHATGPT_LIBRARY,conversation_upload:file_000000001f6c81f59fc1ea027fc625ec!/Implementation-of-A-Neural-Natural-Language-Understandin_2018_Procedia-Compu.pdf,true,true,2026-09-23,
LOC-000665,ART-000656,CHATGPT_LIBRARY,conversation_upload:file_000000001f6c81f59fc1ea027fc625ec!/Paraphrasing-Arabic-Metaphor-with-Neural-Machine-T_2018_Procedia-Computer-Sc.pdf,true,true,2026-09-23,
LOC-000666,ART-000523,GIT,git:source/legacy_relocated/gulf/mirrored/arbanking77/Banking77_Arabized_Saudi_test.csv,true,true,2026-09-25,Foundation-controlled private Git relocation from LOC-000523; exact bytes verified against artifact SHA-256 and pinned legacy Git blob.
LOC-000667,ART-000524,GIT,git:source/legacy_relocated/gulf/mirrored/arbanking77/Banking77_intents.csv,true,true,2026-09-25,Foundation-controlled private Git relocation from LOC-000524; exact bytes verified against artifact SHA-256 and pinned legacy Git blob.
LOC-000668,ART-000525,GIT,git:source/legacy_relocated/gulf/mirrored/convoarabic_pollen/A3.txt,true,true,2026-09-25,Foundation-controlled private Git relocation from LOC-000525; exact bytes verified against artifact SHA-256 and pinned legacy Git blob.
LOC-000669,ART-000526,GIT,git:source/legacy_relocated/gulf/mirrored/convoarabic_pollen/PROFILE.json,true,true,2026-09-25,Foundation-controlled private Git relocation from LOC-000526; exact bytes verified against artifact SHA-256 and pinned legacy Git blob.
LOC-000670,ART-000527,GIT,git:source/legacy_relocated/gulf/mirrored/convoarabic_pollen/README.md,true,true,2026-09-25,Foundation-controlled private Git relocation from LOC-000527; exact bytes verified against artifact SHA-256 and pinned legacy Git blob.
LOC-000671,ART-000528,GIT,git:source/legacy_relocated/gulf/mirrored/convoarabic_pollen/SOURCE_INFO.md,true,true,2026-09-25,Foundation-controlled private Git relocation from LOC-000528; exact bytes verified against artifact SHA-256 and pinned legacy Git blob.
LOC-000672,ART-000529,GIT,git:source/legacy_relocated/gulf/mirrored/convoarabic_pollen/dataexplanation.txt,true,true,2026-09-25,Foundation-controlled private Git relocation from LOC-000529; exact bytes verified against artifact SHA-256 and pinned legacy Git blob.
LOC-000673,ART-000530,GIT,git:source/legacy_relocated/gulf/mirrored/gumar/Gumar_Info.tsv,true,true,2026-09-25,Foundation-controlled private Git relocation from LOC-000530; exact bytes verified against artifact SHA-256 and pinned legacy Git blob.
LOC-000674,ART-000501,GIT,git:source/legacy_relocated/gulf/mirrored/unimorph_afb/afb.gloss,true,true,2026-09-25,Foundation-controlled private Git relocation from LOC-000531; exact bytes verified against artifact SHA-256 and pinned legacy Git blob.
LOC-000675,ART-000531,GIT,git:source/legacy_relocated/gulf/uae/mirrored/arsyra_gulf_kaggle/SOURCE_INFO.md,true,true,2026-09-25,Foundation-controlled private Git relocation from LOC-000532; exact bytes verified against artifact SHA-256 and pinned legacy Git blob.
LOC-000676,ART-000532,GIT,git:source/legacy_relocated/gulf/uae/mirrored/arsyra_gulf_kaggle/data/README.md,true,true,2026-09-25,Foundation-controlled private Git relocation from LOC-000533; exact bytes verified against artifact SHA-256 and pinned legacy Git blob.
LOC-000677,ART-000533,GIT,git:source/legacy_relocated/gulf/uae/mirrored/arsyra_gulf_kaggle/data/data/all.jsonl,true,true,2026-09-25,Foundation-controlled private Git relocation from LOC-000534; exact bytes verified against artifact SHA-256 and pinned legacy Git blob.
LOC-000678,ART-000534,GIT,git:source/legacy_relocated/gulf/uae/mirrored/arsyra_gulf_kaggle/data/data/conversation_pairs.jsonl,true,true,2026-09-25,Foundation-controlled private Git relocation from LOC-000535; exact bytes verified against artifact SHA-256 and pinned legacy Git blob.
LOC-000679,ART-000535,GIT,git:source/legacy_relocated/gulf/uae/mirrored/arsyra_gulf_kaggle/data/data/dialect.jsonl,true,true,2026-09-25,Foundation-controlled private Git relocation from LOC-000536; exact bytes verified against artifact SHA-256 and pinned legacy Git blob.
LOC-000680,ART-000536,GIT,git:source/legacy_relocated/gulf/uae/mirrored/arsyra_gulf_kaggle/data/data/formality_transfer.jsonl,true,true,2026-09-25,Foundation-controlled private Git relocation from LOC-000537; exact bytes verified against artifact SHA-256 and pinned legacy Git blob.
LOC-000681,ART-000537,GIT,git:source/legacy_relocated/gulf/uae/mirrored/arsyra_gulf_kaggle/data/data/medical_dialect.jsonl,true,true,2026-09-25,Foundation-controlled private Git relocation from LOC-000538; exact bytes verified against artifact SHA-256 and pinned legacy Git blob.
LOC-000682,ART-000538,GIT,git:source/legacy_relocated/gulf/uae/mirrored/arsyra_gulf_kaggle/data/data/named_entities_local.jsonl,true,true,2026-09-25,Foundation-controlled private Git relocation from LOC-000539; exact bytes verified against artifact SHA-256 and pinned legacy Git blob.
LOC-000683,ART-000539,GIT,git:source/legacy_relocated/gulf/uae/mirrored/arsyra_gulf_kaggle/data/data/slang.jsonl,true,true,2026-09-25,Foundation-controlled private Git relocation from LOC-000540; exact bytes verified against artifact SHA-256 and pinned legacy Git blob.
LOC-000684,ART-000540,GIT,git:source/legacy_relocated/gulf/uae/mirrored/arsyra_gulf_kaggle/data/data/tech_dialect.jsonl,true,true,2026-09-25,Foundation-controlled private Git relocation from LOC-000541; exact bytes verified against artifact SHA-256 and pinned legacy Git blob.
LOC-000685,ART-000541,GIT,git:source/legacy_relocated/gulf/uae/mirrored/arsyra_gulf_kaggle/data/data/vocabulary.jsonl,true,true,2026-09-25,Foundation-controlled private Git relocation from LOC-000542; exact bytes verified against artifact SHA-256 and pinned legacy Git blob.
LOC-000686,ART-000542,GIT,git:source/legacy_relocated/gulf/uae/mirrored/arsyra_gulf_kaggle/data/metadata.json,true,true,2026-09-25,Foundation-controlled private Git relocation from LOC-000543; exact bytes verified against artifact SHA-256 and pinned legacy Git blob.
LOC-000687,ART-000543,GIT,git:source/legacy_relocated/gulf/uae/mirrored/arsyra_gulf_kaggle/manifest.json,true,true,2026-09-25,Foundation-controlled private Git relocation from LOC-000544; exact bytes verified against artifact SHA-256 and pinned legacy Git blob.
LOC-000688,ART-000503,GIT,git:source/legacy_relocated/gulf/uae/mirrored/mixat/LICENSE,true,true,2026-09-25,Foundation-controlled private Git relocation from LOC-000545; exact bytes verified against artifact SHA-256 and pinned legacy Git blob.
LOC-000689,ART-000505,GIT,git:source/legacy_relocated/gulf/uae/mirrored/mixat/README_UPSTREAM.md,true,true,2026-09-25,Foundation-controlled private Git relocation from LOC-000546; exact bytes verified against artifact SHA-256 and pinned legacy Git blob.
LOC-000690,ART-000504,GIT,git:source/legacy_relocated/gulf/uae/mirrored/mixat/metadata.csv,true,true,2026-09-25,Foundation-controlled private Git relocation from LOC-000547; exact bytes verified against artifact SHA-256 and pinned legacy Git blob.
LOC-000691,ART-000544,GIT,git:source/legacy_relocated/gulf/uae/mirrored/organic_gulf_arabic_dialect/PROFILE.json,true,true,2026-09-25,Foundation-controlled private Git relocation from LOC-000548; exact bytes verified against artifact SHA-256 and pinned legacy Git blob.
LOC-000692,ART-000545,GIT,git:source/legacy_relocated/gulf/uae/mirrored/organic_gulf_arabic_dialect/README.md,true,true,2026-09-25,Foundation-controlled private Git relocation from LOC-000549; exact bytes verified against artifact SHA-256 and pinned legacy Git blob.
LOC-000693,ART-000546,GIT,git:source/legacy_relocated/gulf/uae/mirrored/organic_gulf_arabic_dialect/SOURCE_INFO.md,true,true,2026-09-25,Foundation-controlled private Git relocation from LOC-000550; exact bytes verified against artifact SHA-256 and pinned legacy Git blob.
LOC-000694,ART-000547,GIT,git:source/legacy_relocated/gulf/uae/mirrored/organic_gulf_arabic_dialect/gulf_dialect_dataset.csv,true,true,2026-09-25,Foundation-controlled private Git relocation from LOC-000551; exact bytes verified against artifact SHA-256 and pinned legacy Git blob.
LOC-000695,ART-000548,GIT,git:source/legacy_relocated/gulf/uae/mirrored/university_of_dubai_arabic_legal/LICENSE_UPSTREAM.txt,true,true,2026-09-25,Foundation-controlled private Git relocation from LOC-000552; exact bytes verified against artifact SHA-256 and pinned legacy Git blob.
LOC-000696,ART-000549,GIT,git:source/legacy_relocated/gulf/uae/mirrored/university_of_dubai_arabic_legal/README_UPSTREAM.md,true,true,2026-09-25,Foundation-controlled private Git relocation from LOC-000553; exact bytes verified against artifact SHA-256 and pinned legacy Git blob.
LOC-000697,ART-000550,GIT,git:source/legacy_relocated/gulf/uae/mirrored/university_of_dubai_arabic_legal/SOURCE_NOTES.md,true,true,2026-09-25,Foundation-controlled private Git relocation from LOC-000554; exact bytes verified against artifact SHA-256 and pinned legacy Git blob.
LOC-000698,ART-000551,GIT,git:source/legacy_relocated/gulf/uae/mirrored/university_of_dubai_arabic_legal/data/batch_import.jsonl,true,true,2026-09-25,Foundation-controlled private Git relocation from LOC-000555; exact bytes verified against artifact SHA-256 and pinned legacy Git blob.
LOC-000699,ART-000552,GIT,git:source/legacy_relocated/gulf/uae/mirrored/university_of_dubai_arabic_legal/data/initial_test.jsonl,true,true,2026-09-25,Foundation-controlled private Git relocation from LOC-000556; exact bytes verified against artifact SHA-256 and pinned legacy Git blob.
LOC-000700,ART-000496,GITHUB_RELEASE,github_release:foundation-source-uae-foundation-v1/alyah_test.parquet,true,true,2026-09-25,Foundation-controlled private release asset; GitHub asset_id=588405137; sha256=47481e607c27a32635818032a92c77aaf8790b397d5ecb1ad97dd98e6263a7ee; bytes=173146; verified 2026-09-25.
LOC-000701,ART-000497,GITHUB_RELEASE,github_release:foundation-source-uae-foundation-v1/morphology_db_calima-glf-01-0.1.0.zip,true,true,2026-09-25,Foundation-controlled private release asset; GitHub asset_id=588405133; sha256=385a29aa4737335d6431768546aaaf7ecf848dfd4bef460c7e3358168c73c9b3; bytes=7977135; verified 2026-09-25.
LOC-000702,ART-000498,GITHUB_RELEASE,github_release:foundation-source-uae-foundation-v1/SHA256SUMS.txt,true,true,2026-09-25,Foundation-controlled private release asset; GitHub asset_id=588405134; sha256=3855e90119e837f50fa51d9afabd87b82b8f72f89c216a012876f240919771e3; bytes=449; verified 2026-09-25.
LOC-000703,ART-000499,GITHUB_RELEASE,github_release:foundation-source-uae-foundation-v1/SOURCE_INFO.txt,true,true,2026-09-25,Foundation-controlled private release asset; GitHub asset_id=588405135; sha256=246192bc114718d6b75ea1fbac6b1d9fcadfed1f9ab79309406d33f77d0e9429; bytes=829; verified 2026-09-25.
LOC-000704,ART-000500,GITHUB_RELEASE,github_release:foundation-source-uae-foundation-v1/unimorph_afb.args.tsv,true,true,2026-09-25,Foundation-controlled private release asset; GitHub asset_id=588405138; sha256=d155fb84181a615d536a0ee54b856f491411b86f3e58a069dfa4304019e404db; bytes=1406528; verified 2026-09-25.
LOC-000705,ART-000502,GITHUB_RELEASE,github_release:foundation-source-uae-foundation-v1/unimorph_afb.tsv,true,true,2026-09-25,Foundation-controlled private release asset; GitHub asset_id=588405161; sha256=525d5e9bd66d0213cfbdbcee8277eb3e50bd3682c6277fdb489780154acccec7; bytes=1336739; verified 2026-09-25.
LOC-000706,ART-000506,GITHUB_RELEASE,github_release:foundation-source-uae-dialogue-v1/MIXAT_TEXT_INFO.txt,true,true,2026-09-25,Foundation-controlled private release asset; GitHub asset_id=588405241; sha256=a56e5607cc9a0c72019734ddc019067e3c1c4f786d92d3faa29b512962928bf3; bytes=614; verified 2026-09-25.
LOC-000707,ART-000507,GITHUB_RELEASE,github_release:foundation-source-uae-dialogue-v1/SHA256SUMS.txt,true,true,2026-09-25,Foundation-controlled private release asset; GitHub asset_id=588405238; sha256=fcee9aa0810930659092338afe2de0b8098dcf254c87ea07ee36a9f969aeb06f; bytes=260; verified 2026-09-25.
LOC-000708,ART-000508,GITHUB_RELEASE,github_release:foundation-source-saudi-customer-service-v1/ferasmad-arabic-restaurant-annotation-assets.tar.gz,true,true,2026-09-25,Foundation-controlled private release asset; GitHub asset_id=588405309; sha256=73cb471ee31156e7805a894663e5e227b8ababb728d8dcd8dee2fc360e9439a4; bytes=2182893; verified 2026-09-25.
LOC-000709,ART-000509,GITHUB_RELEASE,github_release:foundation-source-saudi-customer-service-v1/saudi-arabic-cs-conversations-sample.tar.gz,true,true,2026-09-25,Foundation-controlled private release asset; GitHub asset_id=588405312; sha256=2507e604c6164c163d3f5b539eb2fa224a0466d07f1f468614df666e10fb0fa6; bytes=85488; verified 2026-09-25.
LOC-000710,ART-000510,GITHUB_RELEASE,github_release:foundation-source-saudi-customer-service-v1/SHA256SUMS.txt,true,true,2026-09-25,Foundation-controlled private release asset; GitHub asset_id=588405310; sha256=f42eda2b8df90953c8bfdf969d51080962273cc10b463212b74c9a408973f266; bytes=322; verified 2026-09-25.
LOC-000711,ART-000511,GITHUB_RELEASE,github_release:foundation-source-saudi-customer-service-v1/SOURCE_INFO.txt,true,true,2026-09-25,Foundation-controlled private release asset; GitHub asset_id=588405313; sha256=7e3377e331c1af7473e659b1347b9c41c4e29b4b2da033338535957981cee8f8; bytes=1510; verified 2026-09-25.
LOC-000712,ART-000512,GITHUB_RELEASE,github_release:foundation-source-saudi-customer-service-v1/voho-saudi-dialogues.tar.gz,true,true,2026-09-25,Foundation-controlled private release asset; GitHub asset_id=588405311; sha256=0485244195cab5707996852805b310b8ec664ba0f4e166d6cb045c02d4a43357; bytes=2381259; verified 2026-09-25.
LOC-000713,ART-000513,GITHUB_RELEASE,github_release:foundation-source-gumar-ngrams-v1.0/AE.tar.xz,true,true,2026-09-25,Foundation-controlled private release asset; GitHub asset_id=588405367; sha256=a465fbc3c5a2a148586ef9974f1142437a9f701d0f3765b50da246adc7cdb1dc; bytes=209876368; verified 2026-09-25.
LOC-000714,ART-000514,GITHUB_RELEASE,github_release:foundation-source-gumar-ngrams-v1.0/BA.tar.xz,true,true,2026-09-25,Foundation-controlled private release asset; GitHub asset_id=588405365; sha256=d9b6478a451d0cabd95590ccee80bddb82033cde51de1060a94bf25654390cf3; bytes=8720652; verified 2026-09-25.
LOC-000715,ART-000515,GITHUB_RELEASE,github_release:foundation-source-gumar-ngrams-v1.0/KW.tar.xz,true,true,2026-09-25,Foundation-controlled private release asset; GitHub asset_id=588405363; sha256=99bcbc299181005db1067dae8ba2eb398794bc84c76bd8b7fa85a8cbfc2465e7; bytes=111364732; verified 2026-09-25.
LOC-000716,ART-000516,GITHUB_RELEASE,github_release:foundation-source-gumar-ngrams-v1.0/MIXED_GA.tar.xz,true,true,2026-09-25,Foundation-controlled private release asset; GitHub asset_id=588405368; sha256=f0a507cea84c9d2b9309897e505699159ec03d55765b8d0eaade233a13eb0014; bytes=13222224; verified 2026-09-25.
LOC-000717,ART-000517,GITHUB_RELEASE,github_release:foundation-source-gumar-ngrams-v1.0/OM.tar.xz,true,true,2026-09-25,Foundation-controlled private release asset; GitHub asset_id=588405366; sha256=298dbec06f3adf58917af59bcff0e00036245eae51c2a8eed67c26e9d800c778; bytes=25576228; verified 2026-09-25.
LOC-000718,ART-000518,GITHUB_RELEASE,github_release:foundation-source-gumar-ngrams-v1.0/QA.tar.xz,true,true,2026-09-25,Foundation-controlled private release asset; GitHub asset_id=588405400; sha256=08f0829b7a3205531e651546dbad31362b96d7dd09aba3aceaaf8ddff52c5bc3; bytes=19876232; verified 2026-09-25.
LOC-000719,ART-000519,GITHUB_RELEASE,github_release:foundation-source-gumar-ngrams-v1.0/SA.tar.xz,true,true,2026-09-25,Foundation-controlled private release asset; GitHub asset_id=588405411; sha256=428f029dceced78d0cc17526628fa6eaea385f691e3756ac84a7b87badcb6f94; bytes=1121142716; verified 2026-09-25.
LOC-000720,ART-000520,GITHUB_RELEASE,github_release:foundation-source-gumar-ngrams-v1.0/SHA256SUMS.txt,true,true,2026-09-25,Foundation-controlled private release asset; GitHub asset_id=588405433; sha256=d0418b8c2448bdb0c1a5e6dcb76904e951992f2b4e75ba5639c3c951a1cf6ed1; bytes=619; verified 2026-09-25.
LOC-000721,ART-000521,GITHUB_RELEASE,github_release:foundation-source-gumar-ngrams-v1.0/SOURCE_INFO.txt,true,true,2026-09-25,Foundation-controlled private release asset; GitHub asset_id=588405445; sha256=54ae69fa3b4f1d214633a95e926927b07d0a021ac69b83dd20c9587796708966; bytes=449; verified 2026-09-25.
LOC-000722,ART-000522,GITHUB_RELEASE,github_release:foundation-source-gumar-ngrams-v1.0/UNID_GA.tar.xz,true,true,2026-09-25,Foundation-controlled private release asset; GitHub asset_id=588405453; sha256=eb92cf809bdb454fac531d9bfa90e7b4ad690b89b8bb56aedc5a92b52e7c68f7; bytes=168061440; verified 2026-09-25.
